path,filename,scenario,attack_type,class6,class11,group_id,rows,cols,bytes,source,empty
C:\Users\Lenovo legion 5\Downloads\data\DoS-DDoS-MQTT-IoT_Dataset\Basic Connect Flooding\DoS\CSV Files\BF1_DoS_AD_11.csv,BF1_DoS_AD_11.csv,BCF,DoS,BCF,BCF_DoS,BF1_DoS_AD_11,0,0,0,attack,True
C:\Users\Lenovo legion 5\Downloads\data\DoS-DDoS-MQTT-IoT_Dataset\Basic Connect Flooding\DoS\CSV Files\BF1_DoS_AD_12.csv,BF1_DoS_AD_12.csv,BCF,DoS,BCF,BCF_DoS,BF1_DoS_AD_12,306918,33,85616760,attack,False
C:\Users\Lenovo legion 5\Downloads\data\DoS-DDoS-MQTT-IoT_Dataset\Basic Connect Flooding\DoS\CSV Files\BF1_DoS_AD_13.csv,BF1_DoS_AD_13.csv,BCF,DoS,BCF,BCF_DoS,BF1_DoS_AD_13,305473,33,85311289,attack,False
C:\Users\Lenovo legion 5\Downloads\data\DoS-DDoS-MQTT-IoT_Dataset\Basic Connect Flooding\DoS\CSV Files\BF1_DoS_AD_14.csv,BF1_DoS_AD_14.csv,BCF,DoS,BCF,BCF_DoS,BF1_DoS_AD_14,306918,33,85664568,attack,False
C:\Users\Lenovo legion 5\Downloads\data\DoS-DDoS-MQTT-IoT_Dataset\Basic Connect Flooding\DoS\CSV Files\BF1_DoS_AD_15.csv,BF1_DoS_AD_15.csv,BCF,DoS,BCF,BCF_DoS,BF1_DoS_AD_15,307233,33,85820397,attack,False
C:\Users\Lenovo legion 5\Downloads\data\DoS-DDoS-MQTT-IoT_Dataset\Basic Connect Flooding\DoS\CSV Files\BF1_DoS_AD_16.csv,BF1_DoS_AD_16.csv,BCF,DoS,BCF,BCF_DoS,BF1_DoS_AD_16,305800,33,85399200,attack,False
C:\Users\Lenovo legion 5\Downloads\data\DoS-DDoS-MQTT-IoT_Dataset\Basic Connect Flooding\DoS\CSV Files\BF1_DoS_AD_17.csv,BF1_DoS_AD_17.csv,BCF,DoS,BCF,BCF_DoS,BF1_DoS_AD_17,306149,33,85434804,attack,False
C:\Users\Lenovo legion 5\Downloads\data\DoS-DDoS-MQTT-IoT_Dataset\Basic Connect Flooding\DoS\CSV Files\BF1_DoS_AD_18.csv,BF1_DoS_AD_18.csv,BCF,DoS,BCF,BCF_DoS,BF1_DoS_AD_18,306966,33,85666917,attack,False
C:\Users\Lenovo legion 5\Downloads\data\DoS-DDoS-MQTT-IoT_Dataset\Basic Connect Flooding\DoS\CSV Files\BF1_DoS_AD_19.csv,BF1_DoS_AD_19.csv,BCF,DoS,BCF,BCF_DoS,BF1_DoS_AD_19,306633,33,85570651,attack,False
C:\Users\Lenovo legion 5\Downloads\data\DoS-DDoS-MQTT-IoT_Dataset\Basic Connect Flooding\DoS\CSV Files\BF1_DoS_AD_20.csv,BF1_DoS_AD_20.csv,BCF,DoS,BCF,BCF_DoS,BF1_DoS_AD_20,305958,33,85427609,attack,False
C:\Users\Lenovo legion 5\Downloads\data\DoS-DDoS-MQTT-IoT_Dataset\Basic Connect Flooding\DoS\CSV Files\BF1_DoS_AD_21.csv,BF1_DoS_AD_21.csv,BCF,DoS,BCF,BCF_DoS,BF1_DoS_AD_21,307245,33,85645353,attack,False
C:\Users\Lenovo legion 5\Downloads\data\DoS-DDoS-MQTT-IoT_Dataset\Basic Connect Flooding\DoS\CSV Files\BF1_DoS_AD_22.csv,BF1_DoS_AD_22.csv,BCF,DoS,BCF,BCF_DoS,BF1_DoS_AD_22,306959,33,85528896,attack,False
C:\Users\Lenovo legion 5\Downloads\data\DoS-DDoS-MQTT-IoT_Dataset\Basic Connect Flooding\DoS\CSV Files\BF1_DoS_AD_23.csv,BF1_DoS_AD_23.csv,BCF,DoS,BCF,BCF_DoS,BF1_DoS_AD_23,306790,33,85632657,attack,False
C:\Users\Lenovo legion 5\Downloads\data\DoS-DDoS-MQTT-IoT_Dataset\Basic Connect Flooding\DoS\CSV Files\BF1_DoS_AD_24.csv,BF1_DoS_AD_24.csv,BCF,DoS,BCF,BCF_DoS,BF1_DoS_AD_24,306211,33,85429301,attack,False
C:\Users\Lenovo legion 5\Downloads\data\DoS-DDoS-MQTT-IoT_Dataset\Basic Connect Flooding\DoS\CSV Files\BF1_DoS_AD_25.csv,BF1_DoS_AD_25.csv,BCF,DoS,BCF,BCF_DoS,BF1_DoS_AD_25,307152,33,85595606,attack,False
C:\Users\Lenovo legion 5\Downloads\data\DoS-DDoS-MQTT-IoT_Dataset\Basic Connect Flooding\DoS\CSV Files\BF1_DoS_AD_26.csv,BF1_DoS_AD_26.csv,BCF,DoS,BCF,BCF_DoS,BF1_DoS_AD_26,305439,33,85354169,attack,False
C:\Users\Lenovo legion 5\Downloads\data\DoS-DDoS-MQTT-IoT_Dataset\Basic Connect Flooding\DoS\CSV Files\BF1_DoS_AD_27.csv,BF1_DoS_AD_27.csv,BCF,DoS,BCF,BCF_DoS,BF1_DoS_AD_27,306020,33,85485088,attack,False
C:\Users\Lenovo legion 5\Downloads\data\DoS-DDoS-MQTT-IoT_Dataset\Basic Connect Flooding\DoS\CSV Files\BF1_DoS_AD_28.csv,BF1_DoS_AD_28.csv,BCF,DoS,BCF,BCF_DoS,BF1_DoS_AD_28,306941,33,85681977,attack,False
C:\Users\Lenovo legion 5\Downloads\data\DoS-DDoS-MQTT-IoT_Dataset\Basic Connect Flooding\DoS\CSV Files\BF1_DoS_AD_29.csv,BF1_DoS_AD_29.csv,BCF,DoS,BCF,BCF_DoS,BF1_DoS_AD_29,305482,33,85307935,attack,False
C:\Users\Lenovo legion 5\Downloads\data\DoS-DDoS-MQTT-IoT_Dataset\Basic Connect Flooding\DoS\CSV Files\BF1_DoS_AD_30.csv,BF1_DoS_AD_30.csv,BCF,DoS,BCF,BCF_DoS,BF1_DoS_AD_30,308739,33,86018436,attack,False
C:\Users\Lenovo legion 5\Downloads\data\DoS-DDoS-MQTT-IoT_Dataset\Basic Connect Flooding\DDoS\CSV Files\BF1_DDoS_AD_1.csv,BF1_DDoS_AD_1.csv,BCF,DDoS,BCF,BCF_DDoS,BF1_DDoS_AD_1,314979,33,86897982,attack,False
C:\Users\Lenovo legion 5\Downloads\data\DoS-DDoS-MQTT-IoT_Dataset\Basic Connect Flooding\DDoS\CSV Files\BF1_DDoS_AD_10.csv,BF1_DDoS_AD_10.csv,BCF,DDoS,BCF,BCF_DDoS,BF1_DDoS_AD_10,311383,33,85908539,attack,False
C:\Users\Lenovo legion 5\Downloads\data\DoS-DDoS-MQTT-IoT_Dataset\Basic Connect Flooding\DDoS\CSV Files\BF1_DDoS_AD_11.csv,BF1_DDoS_AD_11.csv,BCF,DDoS,BCF,BCF_DDoS,BF1_DDoS_AD_11,290899,33,80161045,attack,False
C:\Users\Lenovo legion 5\Downloads\data\DoS-DDoS-MQTT-IoT_Dataset\Basic Connect Flooding\DDoS\CSV Files\BF1_DDoS_AD_12.csv,BF1_DDoS_AD_12.csv,BCF,DDoS,BCF,BCF_DDoS,BF1_DDoS_AD_12,310992,33,85960551,attack,False
C:\Users\Lenovo legion 5\Downloads\data\DoS-DDoS-MQTT-IoT_Dataset\Basic Connect Flooding\DDoS\CSV Files\BF1_DDoS_AD_13.csv,BF1_DDoS_AD_13.csv,BCF,DDoS,BCF,BCF_DDoS,BF1_DDoS_AD_13,311026,33,85887431,attack,False
C:\Users\Lenovo legion 5\Downloads\data\DoS-DDoS-MQTT-IoT_Dataset\Basic Connect Flooding\DDoS\CSV Files\BF1_DDoS_AD_14.csv,BF1_DDoS_AD_14.csv,BCF,DDoS,BCF,BCF_DDoS,BF1_DDoS_AD_14,311617,33,85992160,attack,False
C:\Users\Lenovo legion 5\Downloads\data\DoS-DDoS-MQTT-IoT_Dataset\Basic Connect Flooding\DDoS\CSV Files\BF1_DDoS_AD_15.csv,BF1_DDoS_AD_15.csv,BCF,DDoS,BCF,BCF_DDoS,BF1_DDoS_AD_15,311615,33,86002661,attack,False
C:\Users\Lenovo legion 5\Downloads\data\DoS-DDoS-MQTT-IoT_Dataset\Basic Connect Flooding\DDoS\CSV Files\BF1_DDoS_AD_16.csv,BF1_DDoS_AD_16.csv,BCF,DDoS,BCF,BCF_DDoS,BF1_DDoS_AD_16,311670,33,85959349,attack,False
C:\Users\Lenovo legion 5\Downloads\data\DoS-DDoS-MQTT-IoT_Dataset\Basic Connect Flooding\DDoS\CSV Files\BF1_DDoS_AD_17.csv,BF1_DDoS_AD_17.csv,BCF,DDoS,BCF,BCF_DDoS,BF1_DDoS_AD_17,311531,33,85943527,attack,False
C:\Users\Lenovo legion 5\Downloads\data\DoS-DDoS-MQTT-IoT_Dataset\Basic Connect Flooding\DDoS\CSV Files\BF1_DDoS_AD_18.csv,BF1_DDoS_AD_18.csv,BCF,DDoS,BCF,BCF_DDoS,BF1_DDoS_AD_18,311174,33,85867350,attack,False
C:\Users\Lenovo legion 5\Downloads\data\DoS-DDoS-MQTT-IoT_Dataset\Basic Connect Flooding\DDoS\CSV Files\BF1_DDoS_AD_19.csv,BF1_DDoS_AD_19.csv,BCF,DDoS,BCF,BCF_DDoS,BF1_DDoS_AD_19,311657,33,85959482,attack,False
C:\Users\Lenovo legion 5\Downloads\data\DoS-DDoS-MQTT-IoT_Dataset\Basic Connect Flooding\DDoS\CSV Files\BF1_DDoS_AD_2.csv,BF1_DDoS_AD_2.csv,BCF,DDoS,BCF,BCF_DDoS,BF1_DDoS_AD_2,312393,33,86160107,attack,False
C:\Users\Lenovo legion 5\Downloads\data\DoS-DDoS-MQTT-IoT_Dataset\Basic Connect Flooding\DDoS\CSV Files\BF1_DDoS_AD_20.csv,BF1_DDoS_AD_20.csv,BCF,DDoS,BCF,BCF_DDoS,BF1_DDoS_AD_20,311336,33,85935276,attack,False
C:\Users\Lenovo legion 5\Downloads\data\DoS-DDoS-MQTT-IoT_Dataset\Basic Connect Flooding\DDoS\CSV Files\BF1_DDoS_AD_3.csv,BF1_DDoS_AD_3.csv,BCF,DDoS,BCF,BCF_DDoS,BF1_DDoS_AD_3,312377,33,86081587,attack,False
C:\Users\Lenovo legion 5\Downloads\data\DoS-DDoS-MQTT-IoT_Dataset\Basic Connect Flooding\DDoS\CSV Files\BF1_DDoS_AD_31.csv,BF1_DDoS_AD_31.csv,BCF,DDoS,BCF,BCF_DDoS,BF1_DDoS_AD_31,235971,33,89503500,attack,False
C:\Users\Lenovo legion 5\Downloads\data\DoS-DDoS-MQTT-IoT_Dataset\Basic Connect Flooding\DDoS\CSV Files\BF1_DDoS_AD_4.csv,BF1_DDoS_AD_4.csv,BCF,DDoS,BCF,BCF_DDoS,BF1_DDoS_AD_4,312459,33,86203271,attack,False
C:\Users\Lenovo legion 5\Downloads\data\DoS-DDoS-MQTT-IoT_Dataset\Basic Connect Flooding\DDoS\CSV Files\BF1_DDoS_AD_5.csv,BF1_DDoS_AD_5.csv,BCF,DDoS,BCF,BCF_DDoS,BF1_DDoS_AD_5,312926,33,86326193,attack,False
C:\Users\Lenovo legion 5\Downloads\data\DoS-DDoS-MQTT-IoT_Dataset\Basic Connect Flooding\DDoS\CSV Files\BF1_DDoS_AD_6.csv,BF1_DDoS_AD_6.csv,BCF,DDoS,BCF,BCF_DDoS,BF1_DDoS_AD_6,313265,33,86304774,attack,False
C:\Users\Lenovo legion 5\Downloads\data\DoS-DDoS-MQTT-IoT_Dataset\Basic Connect Flooding\DDoS\CSV Files\BF1_DDoS_AD_7.csv,BF1_DDoS_AD_7.csv,BCF,DDoS,BCF,BCF_DDoS,BF1_DDoS_AD_7,312751,33,86257461,attack,False
C:\Users\Lenovo legion 5\Downloads\data\DoS-DDoS-MQTT-IoT_Dataset\Basic Connect Flooding\DDoS\CSV Files\BF1_DDoS_AD_8.csv,BF1_DDoS_AD_8.csv,BCF,DDoS,BCF,BCF_DDoS,BF1_DDoS_AD_8,311981,33,86042648,attack,False
C:\Users\Lenovo legion 5\Downloads\data\DoS-DDoS-MQTT-IoT_Dataset\Basic Connect Flooding\DDoS\CSV Files\BF1_DDoS_AD_9.csv,BF1_DDoS_AD_9.csv,BCF,DDoS,BCF,BCF_DDoS,BF1_DDoS_AD_9,311846,33,86038555,attack,False
C:\Users\Lenovo legion 5\Downloads\data\DoS-DDoS-MQTT-IoT_Dataset\Connect Flooding with WILL payload\DoS\CSV Files\WILL_DoS_AD_11.csv,WILL_DoS_AD_11.csv,WILL,DoS,WILL,WILL_DoS,WILL_DoS_AD_11,114474,33,39433271,attack,False
C:\Users\Lenovo legion 5\Downloads\data\DoS-DDoS-MQTT-IoT_Dataset\Connect Flooding with WILL payload\DDoS\CSV Files\WILL_DDoS_AD_1.csv,WILL_DDoS_AD_1.csv,WILL,DDoS,WILL,WILL_DDoS,WILL_DDoS_AD_1,156055,33,43874193,attack,False
C:\Users\Lenovo legion 5\Downloads\data\DoS-DDoS-MQTT-IoT_Dataset\Delayed Connect Flooding\DoS\CSV Files\Delay_DoS_AD_11.csv,Delay_DoS_AD_11.csv,DELAYED,DoS,DELAYED,DELAYED_DoS,Delay_DoS_AD_11,291988,33,83220824,attack,False
C:\Users\Lenovo legion 5\Downloads\data\DoS-DDoS-MQTT-IoT_Dataset\Delayed Connect Flooding\DDoS\CSV Files\Delay_DDoS_AD_1.csv,Delay_DDoS_AD_1.csv,DELAYED,DDoS,DELAYED,DELAYED_DDoS,Delay_DDoS_AD_1,309554,33,86101193,attack,False
C:\Users\Lenovo legion 5\Downloads\data\DoS-DDoS-MQTT-IoT_Dataset\Invalid Subscription Flooding\DoS\CSV Files\Sub_DoS_AD_11.csv,Sub_DoS_AD_11.csv,INVALID,DoS,INVALID,INVALID_DoS,Sub_DoS_AD_11,109150,33,80279662,attack,False
C:\Users\Lenovo legion 5\Downloads\data\DoS-DDoS-MQTT-IoT_Dataset\Invalid Subscription Flooding\DDoS\CSV Files\Sub_DDoS_AD_1.csv,Sub_DDoS_AD_1.csv,INVALID,DDoS,INVALID,INVALID_DDoS,Sub_DDoS_AD_1,181190,33,77455776,attack,False
C:\Users\Lenovo legion 5\Downloads\data\DoS-DDoS-MQTT-IoT_Dataset\SYN TCP Flooding\DoS\CSV Files\SYN_DoS_AD_1.csv,SYN_DoS_AD_1.csv,SYN,DoS,SYN,SYN_DoS,SYN_DoS_AD_1,103828,33,83362689,attack,False
C:\Users\Lenovo legion 5\Downloads\data\DoS-DDoS-MQTT-IoT_Dataset\SYN TCP Flooding\DDoS\CSV Files\SYN_DDoS-AD_1.csv,SYN_DDoS-AD_1.csv,SYN,DDoS,SYN,SYN_DDoS,SYN_DDoS-AD_1,497611,33,139732955,attack,False
C:\Users\Lenovo legion 5\Downloads\data\DoS-DDoS-MQTT-IoT_Dataset\NormalData\CSV_Extracted_Split\Pcap_Files__NormalData10_part001.csv,Pcap_Files__NormalData10_part001.csv,NORMAL,NONE,NORMAL,NORMAL,NormalData10,100000,35,23457324,normal,False
C:\Users\Lenovo legion 5\Downloads\data\DoS-DDoS-MQTT-IoT_Dataset\NormalData\CSV_Extracted_Split\Pcap_Files__NormalData10_part002.csv,Pcap_Files__NormalData10_part002.csv,NORMAL,NONE,NORMAL,NORMAL,NormalData10,100000,35,23708373,normal,False
C:\Users\Lenovo legion 5\Downloads\data\DoS-DDoS-MQTT-IoT_Dataset\NormalData\CSV_Extracted_Split\Pcap_Files__NormalData10_part003.csv,Pcap_Files__NormalData10_part003.csv,NORMAL,NONE,NORMAL,NORMAL,NormalData10,100000,35,23779259,normal,False
C:\Users\Lenovo legion 5\Downloads\data\DoS-DDoS-MQTT-IoT_Dataset\NormalData\CSV_Extracted_Split\Pcap_Files__NormalData10_part004.csv,Pcap_Files__NormalData10_part004.csv,NORMAL,NONE,NORMAL,NORMAL,NormalData10,100000,35,23761291,normal,False
C:\Users\Lenovo legion 5\Downloads\data\DoS-DDoS-MQTT-IoT_Dataset\NormalData\CSV_Extracted_Split\Pcap_Files__NormalData10_part005.csv,Pcap_Files__NormalData10_part005.csv,NORMAL,NONE,NORMAL,NORMAL,NormalData10,100000,35,23809436,normal,False
C:\Users\Lenovo legion 5\Downloads\data\DoS-DDoS-MQTT-IoT_Dataset\NormalData\CSV_Extracted_Split\Pcap_Files__NormalData10_part006.csv,Pcap_Files__NormalData10_part006.csv,NORMAL,NONE,NORMAL,NORMAL,NormalData10,100000,35,23945289,normal,False
C:\Users\Lenovo legion 5\Downloads\data\DoS-DDoS-MQTT-IoT_Dataset\NormalData\CSV_Extracted_Split\Pcap_Files__NormalData10_part007.csv,Pcap_Files__NormalData10_part007.csv,NORMAL,NONE,NORMAL,NORMAL,NormalData10,100000,35,23802462,normal,False
C:\Users\Lenovo legion 5\Downloads\data\DoS-DDoS-MQTT-IoT_Dataset\NormalData\CSV_Extracted_Split\Pcap_Files__NormalData10_part008.csv,Pcap_Files__NormalData10_part008.csv,NORMAL,NONE,NORMAL,NORMAL,NormalData10,100000,35,23834283,normal,False
C:\Users\Lenovo legion 5\Downloads\data\DoS-DDoS-MQTT-IoT_Dataset\NormalData\CSV_Extracted_Split\Pcap_Files__NormalData10_part009.csv,Pcap_Files__NormalData10_part009.csv,NORMAL,NONE,NORMAL,NORMAL,NormalData10,100000,35,23848817,normal,False
C:\Users\Lenovo legion 5\Downloads\data\DoS-DDoS-MQTT-IoT_Dataset\NormalData\CSV_Extracted_Split\Pcap_Files__NormalData10_part010.csv,Pcap_Files__NormalData10_part010.csv,NORMAL,NONE,NORMAL,NORMAL,NormalData10,100000,35,23890276,normal,False
C:\Users\Lenovo legion 5\Downloads\data\DoS-DDoS-MQTT-IoT_Dataset\NormalData\CSV_Extracted_Split\Pcap_Files__NormalData10_part011.csv,Pcap_Files__NormalData10_part011.csv,NORMAL,NONE,NORMAL,NORMAL,NormalData10,100000,35,23977729,normal,False
C:\Users\Lenovo legion 5\Downloads\data\DoS-DDoS-MQTT-IoT_Dataset\NormalData\CSV_Extracted_Split\Pcap_Files__NormalData10_part012.csv,Pcap_Files__NormalData10_part012.csv,NORMAL,NONE,NORMAL,NORMAL,NormalData10,100000,35,23957991,normal,False
C:\Users\Lenovo legion 5\Downloads\data\DoS-DDoS-MQTT-IoT_Dataset\NormalData\CSV_Extracted_Split\Pcap_Files__NormalData10_part013.csv,Pcap_Files__NormalData10_part013.csv,NORMAL,NONE,NORMAL,NORMAL,NormalData10,100000,35,24030910,normal,False
C:\Users\Lenovo legion 5\Downloads\data\DoS-DDoS-MQTT-IoT_Dataset\NormalData\CSV_Extracted_Split\Pcap_Files__NormalData10_part014.csv,Pcap_Files__NormalData10_part014.csv,NORMAL,NONE,NORMAL,NORMAL,NormalData10,100000,35,24212182,normal,False
C:\Users\Lenovo legion 5\Downloads\data\DoS-DDoS-MQTT-IoT_Dataset\NormalData\CSV_Extracted_Split\Pcap_Files__NormalData10_part015.csv,Pcap_Files__NormalData10_part015.csv,NORMAL,NONE,NORMAL,NORMAL,NormalData10,100000,35,24126483,normal,False
C:\Users\Lenovo legion 5\Downloads\data\DoS-DDoS-MQTT-IoT_Dataset\NormalData\CSV_Extracted_Split\Pcap_Files__NormalData10_part016.csv,Pcap_Files__NormalData10_part016.csv,NORMAL,NONE,NORMAL,NORMAL,NormalData10,100000,35,24125857,normal,False
C:\Users\Lenovo legion 5\Downloads\data\DoS-DDoS-MQTT-IoT_Dataset\NormalData\CSV_Extracted_Split\Pcap_Files__NormalData10_part017.csv,Pcap_Files__NormalData10_part017.csv,NORMAL,NONE,NORMAL,NORMAL,NormalData10,100000,35,24120451,normal,False
C:\Users\Lenovo legion 5\Downloads\data\DoS-DDoS-MQTT-IoT_Dataset\NormalData\CSV_Extracted_Split\Pcap_Files__NormalData10_part018.csv,Pcap_Files__NormalData10_part018.csv,NORMAL,NONE,NORMAL,NORMAL,NormalData10,100000,35,24110269,normal,False
C:\Users\Lenovo legion 5\Downloads\data\DoS-DDoS-MQTT-IoT_Dataset\NormalData\CSV_Extracted_Split\Pcap_Files__NormalData10_part019.csv,Pcap_Files__NormalData10_part019.csv,NORMAL,NONE,NORMAL,NORMAL,NormalData10,100000,35,24126728,normal,False
C:\Users\Lenovo legion 5\Downloads\data\DoS-DDoS-MQTT-IoT_Dataset\NormalData\CSV_Extracted_Split\Pcap_Files__NormalData10_part020.csv,Pcap_Files__NormalData10_part020.csv,NORMAL,NONE,NORMAL,NORMAL,NormalData10,62274,35,15114824,normal,False
C:\Users\Lenovo legion 5\Downloads\data\DoS-DDoS-MQTT-IoT_Dataset\NormalData\CSV_Extracted_Split\Pcap_Files__NormalData11_part001.csv,Pcap_Files__NormalData11_part001.csv,NORMAL,NONE,NORMAL,NORMAL,NormalData11,100000,35,23448006,normal,False
C:\Users\Lenovo legion 5\Downloads\data\DoS-DDoS-MQTT-IoT_Dataset\NormalData\CSV_Extracted_Split\Pcap_Files__NormalData11_part002.csv,Pcap_Files__NormalData11_part002.csv,NORMAL,NONE,NORMAL,NORMAL,NormalData11,100000,35,23742369,normal,False
C:\Users\Lenovo legion 5\Downloads\data\DoS-DDoS-MQTT-IoT_Dataset\NormalData\CSV_Extracted_Split\Pcap_Files__NormalData11_part003.csv,Pcap_Files__NormalData11_part003.csv,NORMAL,NONE,NORMAL,NORMAL,NormalData11,100000,35,23738661,normal,False
C:\Users\Lenovo legion 5\Downloads\data\DoS-DDoS-MQTT-IoT_Dataset\NormalData\CSV_Extracted_Split\Pcap_Files__NormalData11_part004.csv,Pcap_Files__NormalData11_part004.csv,NORMAL,NONE,NORMAL,NORMAL,NormalData11,100000,35,23785423,normal,False
C:\Users\Lenovo legion 5\Downloads\data\DoS-DDoS-MQTT-IoT_Dataset\NormalData\CSV_Extracted_Split\Pcap_Files__NormalData11_part005.csv,Pcap_Files__NormalData11_part005.csv,NORMAL,NONE,NORMAL,NORMAL,NormalData11,100000,35,23787731,normal,False
C:\Users\Lenovo legion 5\Downloads\data\DoS-DDoS-MQTT-IoT_Dataset\NormalData\CSV_Extracted_Split\Pcap_Files__NormalData11_part006.csv,Pcap_Files__NormalData11_part006.csv,NORMAL,NONE,NORMAL,NORMAL,NormalData11,100000,35,23807910,normal,False
C:\Users\Lenovo legion 5\Downloads\data\DoS-DDoS-MQTT-IoT_Dataset\NormalData\CSV_Extracted_Split\Pcap_Files__NormalData11_part007.csv,Pcap_Files__NormalData11_part007.csv,NORMAL,NONE,NORMAL,NORMAL,NormalData11,100000,35,23849418,normal,False
C:\Users\Lenovo legion 5\Downloads\data\DoS-DDoS-MQTT-IoT_Dataset\NormalData\CSV_Extracted_Split\Pcap_Files__NormalData11_part008.csv,Pcap_Files__NormalData11_part008.csv,NORMAL,NONE,NORMAL,NORMAL,NormalData11,100000,35,23917317,normal,False
C:\Users\Lenovo legion 5\Downloads\data\DoS-DDoS-MQTT-IoT_Dataset\NormalData\CSV_Extracted_Split\Pcap_Files__NormalData11_part009.csv,Pcap_Files__NormalData11_part009.csv,NORMAL,NONE,NORMAL,NORMAL,NormalData11,100000,35,23843168,normal,False
C:\Users\Lenovo legion 5\Downloads\data\DoS-DDoS-MQTT-IoT_Dataset\NormalData\CSV_Extracted_Split\Pcap_Files__NormalData11_part010.csv,Pcap_Files__NormalData11_part010.csv,NORMAL,NONE,NORMAL,NORMAL,NormalData11,100000,35,23921799,normal,False
C:\Users\Lenovo legion 5\Downloads\data\DoS-DDoS-MQTT-IoT_Dataset\NormalData\CSV_Extracted_Split\Pcap_Files__NormalData11_part011.csv,Pcap_Files__NormalData11_part011.csv,NORMAL,NONE,NORMAL,NORMAL,NormalData11,100000,35,23960206,normal,False
C:\Users\Lenovo legion 5\Downloads\data\DoS-DDoS-MQTT-IoT_Dataset\NormalData\CSV_Extracted_Split\Pcap_Files__NormalData11_part012.csv,Pcap_Files__NormalData11_part012.csv,NORMAL,NONE,NORMAL,NORMAL,NormalData11,100000,35,24003924,normal,False
C:\Users\Lenovo legion 5\Downloads\data\DoS-DDoS-MQTT-IoT_Dataset\NormalData\CSV_Extracted_Split\Pcap_Files__NormalData11_part013.csv,Pcap_Files__NormalData11_part013.csv,NORMAL,NONE,NORMAL,NORMAL,NormalData11,100000,35,24113314,normal,False
C:\Users\Lenovo legion 5\Downloads\data\DoS-DDoS-MQTT-IoT_Dataset\NormalData\CSV_Extracted_Split\Pcap_Files__NormalData11_part014.csv,Pcap_Files__NormalData11_part014.csv,NORMAL,NONE,NORMAL,NORMAL,NormalData11,100000,35,24171540,normal,False
C:\Users\Lenovo legion 5\Downloads\data\DoS-DDoS-MQTT-IoT_Dataset\NormalData\CSV_Extracted_Split\Pcap_Files__NormalData11_part015.csv,Pcap_Files__NormalData11_part015.csv,NORMAL,NONE,NORMAL,NORMAL,NormalData11,100000,35,24196190,normal,False
C:\Users\Lenovo legion 5\Downloads\data\DoS-DDoS-MQTT-IoT_Dataset\NormalData\CSV_Extracted_Split\Pcap_Files__NormalData11_part016.csv,Pcap_Files__NormalData11_part016.csv,NORMAL,NONE,NORMAL,NORMAL,NormalData11,100000,35,24130969,normal,False
C:\Users\Lenovo legion 5\Downloads\data\DoS-DDoS-MQTT-IoT_Dataset\NormalData\CSV_Extracted_Split\Pcap_Files__NormalData11_part017.csv,Pcap_Files__NormalData11_part017.csv,NORMAL,NONE,NORMAL,NORMAL,NormalData11,100000,35,24119513,normal,False
C:\Users\Lenovo legion 5\Downloads\data\DoS-DDoS-MQTT-IoT_Dataset\NormalData\CSV_Extracted_Split\Pcap_Files__NormalData11_part018.csv,Pcap_Files__NormalData11_part018.csv,NORMAL,NONE,NORMAL,NORMAL,NormalData11,100000,35,24220530,normal,False
C:\Users\Lenovo legion 5\Downloads\data\DoS-DDoS-MQTT-IoT_Dataset\NormalData\CSV_Extracted_Split\Pcap_Files__NormalData11_part019.csv,Pcap_Files__NormalData11_part019.csv,NORMAL,NONE,NORMAL,NORMAL,NormalData11,100000,35,24151851,normal,False
C:\Users\Lenovo legion 5\Downloads\data\DoS-DDoS-MQTT-IoT_Dataset\NormalData\CSV_Extracted_Split\Pcap_Files__NormalData11_part020.csv,Pcap_Files__NormalData11_part020.csv,NORMAL,NONE,NORMAL,NORMAL,NormalData11,64478,35,15554770,normal,False
C:\Users\Lenovo legion 5\Downloads\data\DoS-DDoS-MQTT-IoT_Dataset\NormalData\CSV_Extracted_Split\Pcap_Files__NormalData12_part001.csv,Pcap_Files__NormalData12_part001.csv,NORMAL,NONE,NORMAL,NORMAL,NormalData12,100000,35,23389378,normal,False
C:\Users\Lenovo legion 5\Downloads\data\DoS-DDoS-MQTT-IoT_Dataset\NormalData\CSV_Extracted_Split\Pcap_Files__NormalData12_part002.csv,Pcap_Files__NormalData12_part002.csv,NORMAL,NONE,NORMAL,NORMAL,NormalData12,100000,35,23745626,normal,False
C:\Users\Lenovo legion 5\Downloads\data\DoS-DDoS-MQTT-IoT_Dataset\NormalData\CSV_Extracted_Split\Pcap_Files__NormalData12_part003.csv,Pcap_Files__NormalData12_part003.csv,NORMAL,NONE,NORMAL,NORMAL,NormalData12,100000,35,23740230,normal,False
C:\Users\Lenovo legion 5\Downloads\data\DoS-DDoS-MQTT-IoT_Dataset\NormalData\CSV_Extracted_Split\Pcap_Files__NormalData12_part004.csv,Pcap_Files__NormalData12_part004.csv,NORMAL,NONE,NORMAL,NORMAL,NormalData12,100000,35,23691708,normal,False
C:\Users\Lenovo legion 5\Downloads\data\DoS-DDoS-MQTT-IoT_Dataset\NormalData\CSV_Extracted_Split\Pcap_Files__NormalData12_part005.csv,Pcap_Files__NormalData12_part005.csv,NORMAL,NONE,NORMAL,NORMAL,NormalData12,100000,35,23722446,normal,False
C:\Users\Lenovo legion 5\Downloads\data\DoS-DDoS-MQTT-IoT_Dataset\NormalData\CSV_Extracted_Split\Pcap_Files__NormalData12_part006.csv,Pcap_Files__NormalData12_part006.csv,NORMAL,NONE,NORMAL,NORMAL,NormalData12,100000,35,23758099,normal,False
C:\Users\Lenovo legion 5\Downloads\data\DoS-DDoS-MQTT-IoT_Dataset\NormalData\CSV_Extracted_Split\Pcap_Files__NormalData12_part007.csv,Pcap_Files__NormalData12_part007.csv,NORMAL,NONE,NORMAL,NORMAL,NormalData12,100000,35,23798623,normal,False
C:\Users\Lenovo legion 5\Downloads\data\DoS-DDoS-MQTT-IoT_Dataset\NormalData\CSV_Extracted_Split\Pcap_Files__NormalData12_part008.csv,Pcap_Files__NormalData12_part008.csv,NORMAL,NONE,NORMAL,NORMAL,NormalData12,100000,35,23779687,normal,False
C:\Users\Lenovo legion 5\Downloads\data\DoS-DDoS-MQTT-IoT_Dataset\NormalData\CSV_Extracted_Split\Pcap_Files__NormalData12_part009.csv,Pcap_Files__NormalData12_part009.csv,NORMAL,NONE,NORMAL,NORMAL,NormalData12,100000,35,23883555,normal,False
C:\Users\Lenovo legion 5\Downloads\data\DoS-DDoS-MQTT-IoT_Dataset\NormalData\CSV_Extracted_Split\Pcap_Files__NormalData12_part010.csv,Pcap_Files__NormalData12_part010.csv,NORMAL,NONE,NORMAL,NORMAL,NormalData12,100000,35,23765118,normal,False
C:\Users\Lenovo legion 5\Downloads\data\DoS-DDoS-MQTT-IoT_Dataset\NormalData\CSV_Extracted_Split\Pcap_Files__NormalData12_part011.csv,Pcap_Files__NormalData12_part011.csv,NORMAL,NONE,NORMAL,NORMAL,NormalData12,100000,35,23926225,normal,False
C:\Users\Lenovo legion 5\Downloads\data\DoS-DDoS-MQTT-IoT_Dataset\NormalData\CSV_Extracted_Split\Pcap_Files__NormalData12_part012.csv,Pcap_Files__NormalData12_part012.csv,NORMAL,NONE,NORMAL,NORMAL,NormalData12,100000,35,23959243,normal,False
C:\Users\Lenovo legion 5\Downloads\data\DoS-DDoS-MQTT-IoT_Dataset\NormalData\CSV_Extracted_Split\Pcap_Files__NormalData12_part013.csv,Pcap_Files__NormalData12_part013.csv,NORMAL,NONE,NORMAL,NORMAL,NormalData12,100000,35,24173092,normal,False
C:\Users\Lenovo legion 5\Downloads\data\DoS-DDoS-MQTT-IoT_Dataset\NormalData\CSV_Extracted_Split\Pcap_Files__NormalData12_part014.csv,Pcap_Files__NormalData12_part014.csv,NORMAL,NONE,NORMAL,NORMAL,NormalData12,100000,35,24282948,normal,False
C:\Users\Lenovo legion 5\Downloads\data\DoS-DDoS-MQTT-IoT_Dataset\NormalData\CSV_Extracted_Split\Pcap_Files__NormalData12_part015.csv,Pcap_Files__NormalData12_part015.csv,NORMAL,NONE,NORMAL,NORMAL,NormalData12,100000,35,24210562,normal,False
C:\Users\Lenovo legion 5\Downloads\data\DoS-DDoS-MQTT-IoT_Dataset\NormalData\CSV_Extracted_Split\Pcap_Files__NormalData12_part016.csv,Pcap_Files__NormalData12_part016.csv,NORMAL,NONE,NORMAL,NORMAL,NormalData12,100000,35,24155837,normal,False
C:\Users\Lenovo legion 5\Downloads\data\DoS-DDoS-MQTT-IoT_Dataset\NormalData\CSV_Extracted_Split\Pcap_Files__NormalData12_part017.csv,Pcap_Files__NormalData12_part017.csv,NORMAL,NONE,NORMAL,NORMAL,NormalData12,100000,35,24158031,normal,False
C:\Users\Lenovo legion 5\Downloads\data\DoS-DDoS-MQTT-IoT_Dataset\NormalData\CSV_Extracted_Split\Pcap_Files__NormalData12_part018.csv,Pcap_Files__NormalData12_part018.csv,NORMAL,NONE,NORMAL,NORMAL,NormalData12,100000,35,24206882,normal,False
C:\Users\Lenovo legion 5\Downloads\data\DoS-DDoS-MQTT-IoT_Dataset\NormalData\CSV_Extracted_Split\Pcap_Files__NormalData12_part019.csv,Pcap_Files__NormalData12_part019.csv,NORMAL,NONE,NORMAL,NORMAL,NormalData12,100000,35,24201760,normal,False
C:\Users\Lenovo legion 5\Downloads\data\DoS-DDoS-MQTT-IoT_Dataset\NormalData\CSV_Extracted_Split\Pcap_Files__NormalData12_part020.csv,Pcap_Files__NormalData12_part020.csv,NORMAL,NONE,NORMAL,NORMAL,NormalData12,64537,35,15684266,normal,False
C:\Users\Lenovo legion 5\Downloads\data\DoS-DDoS-MQTT-IoT_Dataset\NormalData\CSV_Extracted_Split\Pcap_Files__NormalData13_part001.csv,Pcap_Files__NormalData13_part001.csv,NORMAL,NONE,NORMAL,NORMAL,NormalData13,100000,35,38691986,normal,False
C:\Users\Lenovo legion 5\Downloads\data\DoS-DDoS-MQTT-IoT_Dataset\NormalData\CSV_Extracted_Split\Pcap_Files__NormalData13_part002.csv,Pcap_Files__NormalData13_part002.csv,NORMAL,NONE,NORMAL,NORMAL,NormalData13,100000,35,40149086,normal,False
C:\Users\Lenovo legion 5\Downloads\data\DoS-DDoS-MQTT-IoT_Dataset\NormalData\CSV_Extracted_Split\Pcap_Files__NormalData13_part003.csv,Pcap_Files__NormalData13_part003.csv,NORMAL,NONE,NORMAL,NORMAL,NormalData13,100000,35,38879967,normal,False
C:\Users\Lenovo legion 5\Downloads\data\DoS-DDoS-MQTT-IoT_Dataset\NormalData\CSV_Extracted_Split\Pcap_Files__NormalData13_part004.csv,Pcap_Files__NormalData13_part004.csv,NORMAL,NONE,NORMAL,NORMAL,NormalData13,100000,35,37430257,normal,False
C:\Users\Lenovo legion 5\Downloads\data\DoS-DDoS-MQTT-IoT_Dataset\NormalData\CSV_Extracted_Split\Pcap_Files__NormalData13_part005.csv,Pcap_Files__NormalData13_part005.csv,NORMAL,NONE,NORMAL,NORMAL,NormalData13,100000,35,42616683,normal,False
C:\Users\Lenovo legion 5\Downloads\data\DoS-DDoS-MQTT-IoT_Dataset\NormalData\CSV_Extracted_Split\Pcap_Files__NormalData13_part006.csv,Pcap_Files__NormalData13_part006.csv,NORMAL,NONE,NORMAL,NORMAL,NormalData13,100000,35,40571002,normal,False
C:\Users\Lenovo legion 5\Downloads\data\DoS-DDoS-MQTT-IoT_Dataset\NormalData\CSV_Extracted_Split\Pcap_Files__NormalData13_part007.csv,Pcap_Files__NormalData13_part007.csv,NORMAL,NONE,NORMAL,NORMAL,NormalData13,100000,35,37448324,normal,False
C:\Users\Lenovo legion 5\Downloads\data\DoS-DDoS-MQTT-IoT_Dataset\NormalData\CSV_Extracted_Split\Pcap_Files__NormalData13_part008.csv,Pcap_Files__NormalData13_part008.csv,NORMAL,NONE,NORMAL,NORMAL,NormalData13,100000,35,41380343,normal,False
C:\Users\Lenovo legion 5\Downloads\data\DoS-DDoS-MQTT-IoT_Dataset\NormalData\CSV_Extracted_Split\Pcap_Files__NormalData13_part009.csv,Pcap_Files__NormalData13_part009.csv,NORMAL,NONE,NORMAL,NORMAL,NormalData13,29545,35,11921608,normal,False
C:\Users\Lenovo legion 5\Downloads\data\DoS-DDoS-MQTT-IoT_Dataset\NormalData\CSV_Extracted_Split\Pcap_Files__NormalData14_part001.csv,Pcap_Files__NormalData14_part001.csv,NORMAL,NONE,NORMAL,NORMAL,NormalData14,100000,35,23424253,normal,False
C:\Users\Lenovo legion 5\Downloads\data\DoS-DDoS-MQTT-IoT_Dataset\NormalData\CSV_Extracted_Split\Pcap_Files__NormalData14_part002.csv,Pcap_Files__NormalData14_part002.csv,NORMAL,NONE,NORMAL,NORMAL,NormalData14,100000,35,23707955,normal,False
C:\Users\Lenovo legion 5\Downloads\data\DoS-DDoS-MQTT-IoT_Dataset\NormalData\CSV_Extracted_Split\Pcap_Files__NormalData14_part003.csv,Pcap_Files__NormalData14_part003.csv,NORMAL,NONE,NORMAL,NORMAL,NormalData14,100000,35,23780156,normal,False
C:\Users\Lenovo legion 5\Downloads\data\DoS-DDoS-MQTT-IoT_Dataset\NormalData\CSV_Extracted_Split\Pcap_Files__NormalData14_part004.csv,Pcap_Files__NormalData14_part004.csv,NORMAL,NONE,NORMAL,NORMAL,NormalData14,100000,35,23756244,normal,False
C:\Users\Lenovo legion 5\Downloads\data\DoS-DDoS-MQTT-IoT_Dataset\NormalData\CSV_Extracted_Split\Pcap_Files__NormalData14_part005.csv,Pcap_Files__NormalData14_part005.csv,NORMAL,NONE,NORMAL,NORMAL,NormalData14,100000,35,23863377,normal,False
C:\Users\Lenovo legion 5\Downloads\data\DoS-DDoS-MQTT-IoT_Dataset\NormalData\CSV_Extracted_Split\Pcap_Files__NormalData14_part006.csv,Pcap_Files__NormalData14_part006.csv,NORMAL,NONE,NORMAL,NORMAL,NormalData14,100000,35,23760022,normal,False
C:\Users\Lenovo legion 5\Downloads\data\DoS-DDoS-MQTT-IoT_Dataset\NormalData\CSV_Extracted_Split\Pcap_Files__NormalData14_part007.csv,Pcap_Files__NormalData14_part007.csv,NORMAL,NONE,NORMAL,NORMAL,NormalData14,100000,35,23823607,normal,False
C:\Users\Lenovo legion 5\Downloads\data\DoS-DDoS-MQTT-IoT_Dataset\NormalData\CSV_Extracted_Split\Pcap_Files__NormalData14_part008.csv,Pcap_Files__NormalData14_part008.csv,NORMAL,NONE,NORMAL,NORMAL,NormalData14,100000,35,23818265,normal,False
C:\Users\Lenovo legion 5\Downloads\data\DoS-DDoS-MQTT-IoT_Dataset\NormalData\CSV_Extracted_Split\Pcap_Files__NormalData14_part009.csv,Pcap_Files__NormalData14_part009.csv,NORMAL,NONE,NORMAL,NORMAL,NormalData14,100000,35,23797915,normal,False
C:\Users\Lenovo legion 5\Downloads\data\DoS-DDoS-MQTT-IoT_Dataset\NormalData\CSV_Extracted_Split\Pcap_Files__NormalData14_part010.csv,Pcap_Files__NormalData14_part010.csv,NORMAL,NONE,NORMAL,NORMAL,NormalData14,100000,35,23896140,normal,False
C:\Users\Lenovo legion 5\Downloads\data\DoS-DDoS-MQTT-IoT_Dataset\NormalData\CSV_Extracted_Split\Pcap_Files__NormalData14_part011.csv,Pcap_Files__NormalData14_part011.csv,NORMAL,NONE,NORMAL,NORMAL,NormalData14,100000,35,23937929,normal,False
C:\Users\Lenovo legion 5\Downloads\data\DoS-DDoS-MQTT-IoT_Dataset\NormalData\CSV_Extracted_Split\Pcap_Files__NormalData14_part012.csv,Pcap_Files__NormalData14_part012.csv,NORMAL,NONE,NORMAL,NORMAL,NormalData14,100000,35,23902185,normal,False
C:\Users\Lenovo legion 5\Downloads\data\DoS-DDoS-MQTT-IoT_Dataset\NormalData\CSV_Extracted_Split\Pcap_Files__NormalData14_part013.csv,Pcap_Files__NormalData14_part013.csv,NORMAL,NONE,NORMAL,NORMAL,NormalData14,100000,35,24188954,normal,False
C:\Users\Lenovo legion 5\Downloads\data\DoS-DDoS-MQTT-IoT_Dataset\NormalData\CSV_Extracted_Split\Pcap_Files__NormalData14_part014.csv,Pcap_Files__NormalData14_part014.csv,NORMAL,NONE,NORMAL,NORMAL,NormalData14,100000,35,24163833,normal,False
C:\Users\Lenovo legion 5\Downloads\data\DoS-DDoS-MQTT-IoT_Dataset\NormalData\CSV_Extracted_Split\Pcap_Files__NormalData14_part015.csv,Pcap_Files__NormalData14_part015.csv,NORMAL,NONE,NORMAL,NORMAL,NormalData14,100000,35,24143306,normal,False
C:\Users\Lenovo legion 5\Downloads\data\DoS-DDoS-MQTT-IoT_Dataset\NormalData\CSV_Extracted_Split\Pcap_Files__NormalData14_part016.csv,Pcap_Files__NormalData14_part016.csv,NORMAL,NONE,NORMAL,NORMAL,NormalData14,100000,35,24085484,normal,False
C:\Users\Lenovo legion 5\Downloads\data\DoS-DDoS-MQTT-IoT_Dataset\NormalData\CSV_Extracted_Split\Pcap_Files__NormalData14_part017.csv,Pcap_Files__NormalData14_part017.csv,NORMAL,NONE,NORMAL,NORMAL,NormalData14,100000,35,24213076,normal,False
C:\Users\Lenovo legion 5\Downloads\data\DoS-DDoS-MQTT-IoT_Dataset\NormalData\CSV_Extracted_Split\Pcap_Files__NormalData14_part018.csv,Pcap_Files__NormalData14_part018.csv,NORMAL,NONE,NORMAL,NORMAL,NormalData14,100000,35,24207432,normal,False
C:\Users\Lenovo legion 5\Downloads\data\DoS-DDoS-MQTT-IoT_Dataset\NormalData\CSV_Extracted_Split\Pcap_Files__NormalData14_part019.csv,Pcap_Files__NormalData14_part019.csv,NORMAL,NONE,NORMAL,NORMAL,NormalData14,100000,35,24287405,normal,False
C:\Users\Lenovo legion 5\Downloads\data\DoS-DDoS-MQTT-IoT_Dataset\NormalData\CSV_Extracted_Split\Pcap_Files__NormalData14_part020.csv,Pcap_Files__NormalData14_part020.csv,NORMAL,NONE,NORMAL,NORMAL,NormalData14,61473,35,14882736,normal,False
C:\Users\Lenovo legion 5\Downloads\data\DoS-DDoS-MQTT-IoT_Dataset\NormalData\CSV_Extracted_Split\Pcap_Files__NormalData15_part001.csv,Pcap_Files__NormalData15_part001.csv,NORMAL,NONE,NORMAL,NORMAL,NormalData15,100000,35,24713375,normal,False
C:\Users\Lenovo legion 5\Downloads\data\DoS-DDoS-MQTT-IoT_Dataset\NormalData\CSV_Extracted_Split\Pcap_Files__NormalData15_part002.csv,Pcap_Files__NormalData15_part002.csv,NORMAL,NONE,NORMAL,NORMAL,NormalData15,100000,35,26047802,normal,False
C:\Users\Lenovo legion 5\Downloads\data\DoS-DDoS-MQTT-IoT_Dataset\NormalData\CSV_Extracted_Split\Pcap_Files__NormalData15_part003.csv,Pcap_Files__NormalData15_part003.csv,NORMAL,NONE,NORMAL,NORMAL,NormalData15,100000,35,26997504,normal,False
C:\Users\Lenovo legion 5\Downloads\data\DoS-DDoS-MQTT-IoT_Dataset\NormalData\CSV_Extracted_Split\Pcap_Files__NormalData15_part004.csv,Pcap_Files__NormalData15_part004.csv,NORMAL,NONE,NORMAL,NORMAL,NormalData15,100000,35,25928267,normal,False
C:\Users\Lenovo legion 5\Downloads\data\DoS-DDoS-MQTT-IoT_Dataset\NormalData\CSV_Extracted_Split\Pcap_Files__NormalData15_part005.csv,Pcap_Files__NormalData15_part005.csv,NORMAL,NONE,NORMAL,NORMAL,NormalData15,100000,35,26027022,normal,False
C:\Users\Lenovo legion 5\Downloads\data\DoS-DDoS-MQTT-IoT_Dataset\NormalData\CSV_Extracted_Split\Pcap_Files__NormalData15_part006.csv,Pcap_Files__NormalData15_part006.csv,NORMAL,NONE,NORMAL,NORMAL,NormalData15,100000,35,25907400,normal,False
C:\Users\Lenovo legion 5\Downloads\data\DoS-DDoS-MQTT-IoT_Dataset\NormalData\CSV_Extracted_Split\Pcap_Files__NormalData15_part007.csv,Pcap_Files__NormalData15_part007.csv,NORMAL,NONE,NORMAL,NORMAL,NormalData15,100000,35,25839099,normal,False
C:\Users\Lenovo legion 5\Downloads\data\DoS-DDoS-MQTT-IoT_Dataset\NormalData\CSV_Extracted_Split\Pcap_Files__NormalData15_part008.csv,Pcap_Files__NormalData15_part008.csv,NORMAL,NONE,NORMAL,NORMAL,NormalData15,100000,35,25746001,normal,False
C:\Users\Lenovo legion 5\Downloads\data\DoS-DDoS-MQTT-IoT_Dataset\NormalData\CSV_Extracted_Split\Pcap_Files__NormalData15_part009.csv,Pcap_Files__NormalData15_part009.csv,NORMAL,NONE,NORMAL,NORMAL,NormalData15,100000,35,26182818,normal,False
C:\Users\Lenovo legion 5\Downloads\data\DoS-DDoS-MQTT-IoT_Dataset\NormalData\CSV_Extracted_Split\Pcap_Files__NormalData15_part010.csv,Pcap_Files__NormalData15_part010.csv,NORMAL,NONE,NORMAL,NORMAL,NormalData15,100000,35,25910915,normal,False
C:\Users\Lenovo legion 5\Downloads\data\DoS-DDoS-MQTT-IoT_Dataset\NormalData\CSV_Extracted_Split\Pcap_Files__NormalData15_part011.csv,Pcap_Files__NormalData15_part011.csv,NORMAL,NONE,NORMAL,NORMAL,NormalData15,100000,35,25360727,normal,False
C:\Users\Lenovo legion 5\Downloads\data\DoS-DDoS-MQTT-IoT_Dataset\NormalData\CSV_Extracted_Split\Pcap_Files__NormalData15_part012.csv,Pcap_Files__NormalData15_part012.csv,NORMAL,NONE,NORMAL,NORMAL,NormalData15,100000,35,25677897,normal,False
C:\Users\Lenovo legion 5\Downloads\data\DoS-DDoS-MQTT-IoT_Dataset\NormalData\CSV_Extracted_Split\Pcap_Files__NormalData15_part013.csv,Pcap_Files__NormalData15_part013.csv,NORMAL,NONE,NORMAL,NORMAL,NormalData15,100000,35,25966964,normal,False
C:\Users\Lenovo legion 5\Downloads\data\DoS-DDoS-MQTT-IoT_Dataset\NormalData\CSV_Extracted_Split\Pcap_Files__NormalData15_part014.csv,Pcap_Files__NormalData15_part014.csv,NORMAL,NONE,NORMAL,NORMAL,NormalData15,100000,35,25783002,normal,False
C:\Users\Lenovo legion 5\Downloads\data\DoS-DDoS-MQTT-IoT_Dataset\NormalData\CSV_Extracted_Split\Pcap_Files__NormalData15_part015.csv,Pcap_Files__NormalData15_part015.csv,NORMAL,NONE,NORMAL,NORMAL,NormalData15,100000,35,26153784,normal,False
C:\Users\Lenovo legion 5\Downloads\data\DoS-DDoS-MQTT-IoT_Dataset\NormalData\CSV_Extracted_Split\Pcap_Files__NormalData15_part016.csv,Pcap_Files__NormalData15_part016.csv,NORMAL,NONE,NORMAL,NORMAL,NormalData15,100000,35,26559145,normal,False
C:\Users\Lenovo legion 5\Downloads\data\DoS-DDoS-MQTT-IoT_Dataset\NormalData\CSV_Extracted_Split\Pcap_Files__NormalData15_part017.csv,Pcap_Files__NormalData15_part017.csv,NORMAL,NONE,NORMAL,NORMAL,NormalData15,89183,35,24159521,normal,False
C:\Users\Lenovo legion 5\Downloads\data\DoS-DDoS-MQTT-IoT_Dataset\NormalData\CSV_Extracted_Split\Pcap_Files__NormalData16_part001.csv,Pcap_Files__NormalData16_part001.csv,NORMAL,NONE,NORMAL,NORMAL,NormalData16,100000,35,24793749,normal,False
C:\Users\Lenovo legion 5\Downloads\data\DoS-DDoS-MQTT-IoT_Dataset\NormalData\CSV_Extracted_Split\Pcap_Files__NormalData16_part002.csv,Pcap_Files__NormalData16_part002.csv,NORMAL,NONE,NORMAL,NORMAL,NormalData16,100000,35,25805319,normal,False
C:\Users\Lenovo legion 5\Downloads\data\DoS-DDoS-MQTT-IoT_Dataset\NormalData\CSV_Extracted_Split\Pcap_Files__NormalData16_part003.csv,Pcap_Files__NormalData16_part003.csv,NORMAL,NONE,NORMAL,NORMAL,NormalData16,100000,35,25733957,normal,False
C:\Users\Lenovo legion 5\Downloads\data\DoS-DDoS-MQTT-IoT_Dataset\NormalData\CSV_Extracted_Split\Pcap_Files__NormalData16_part004.csv,Pcap_Files__NormalData16_part004.csv,NORMAL,NONE,NORMAL,NORMAL,NormalData16,100000,35,25851028,normal,False
C:\Users\Lenovo legion 5\Downloads\data\DoS-DDoS-MQTT-IoT_Dataset\NormalData\CSV_Extracted_Split\Pcap_Files__NormalData16_part005.csv,Pcap_Files__NormalData16_part005.csv,NORMAL,NONE,NORMAL,NORMAL,NormalData16,100000,35,25485237,normal,False
C:\Users\Lenovo legion 5\Downloads\data\DoS-DDoS-MQTT-IoT_Dataset\NormalData\CSV_Extracted_Split\Pcap_Files__NormalData16_part006.csv,Pcap_Files__NormalData16_part006.csv,NORMAL,NONE,NORMAL,NORMAL,NormalData16,100000,35,26437555,normal,False
C:\Users\Lenovo legion 5\Downloads\data\DoS-DDoS-MQTT-IoT_Dataset\NormalData\CSV_Extracted_Split\Pcap_Files__NormalData16_part007.csv,Pcap_Files__NormalData16_part007.csv,NORMAL,NONE,NORMAL,NORMAL,NormalData16,100000,35,25611240,normal,False
C:\Users\Lenovo legion 5\Downloads\data\DoS-DDoS-MQTT-IoT_Dataset\NormalData\CSV_Extracted_Split\Pcap_Files__NormalData16_part008.csv,Pcap_Files__NormalData16_part008.csv,NORMAL,NONE,NORMAL,NORMAL,NormalData16,100000,35,26120216,normal,False
C:\Users\Lenovo legion 5\Downloads\data\DoS-DDoS-MQTT-IoT_Dataset\NormalData\CSV_Extracted_Split\Pcap_Files__NormalData16_part009.csv,Pcap_Files__NormalData16_part009.csv,NORMAL,NONE,NORMAL,NORMAL,NormalData16,100000,35,25721243,normal,False
C:\Users\Lenovo legion 5\Downloads\data\DoS-DDoS-MQTT-IoT_Dataset\NormalData\CSV_Extracted_Split\Pcap_Files__NormalData16_part010.csv,Pcap_Files__NormalData16_part010.csv,NORMAL,NONE,NORMAL,NORMAL,NormalData16,100000,35,25510912,normal,False
C:\Users\Lenovo legion 5\Downloads\data\DoS-DDoS-MQTT-IoT_Dataset\NormalData\CSV_Extracted_Split\Pcap_Files__NormalData16_part011.csv,Pcap_Files__NormalData16_part011.csv,NORMAL,NONE,NORMAL,NORMAL,NormalData16,100000,35,25821998,normal,False
C:\Users\Lenovo legion 5\Downloads\data\DoS-DDoS-MQTT-IoT_Dataset\NormalData\CSV_Extracted_Split\Pcap_Files__NormalData16_part012.csv,Pcap_Files__NormalData16_part012.csv,NORMAL,NONE,NORMAL,NORMAL,NormalData16,100000,35,25839165,normal,False
C:\Users\Lenovo legion 5\Downloads\data\DoS-DDoS-MQTT-IoT_Dataset\NormalData\CSV_Extracted_Split\Pcap_Files__NormalData16_part013.csv,Pcap_Files__NormalData16_part013.csv,NORMAL,NONE,NORMAL,NORMAL,NormalData16,100000,35,26912608,normal,False
C:\Users\Lenovo legion 5\Downloads\data\DoS-DDoS-MQTT-IoT_Dataset\NormalData\CSV_Extracted_Split\Pcap_Files__NormalData16_part014.csv,Pcap_Files__NormalData16_part014.csv,NORMAL,NONE,NORMAL,NORMAL,NormalData16,100000,35,26246435,normal,False
C:\Users\Lenovo legion 5\Downloads\data\DoS-DDoS-MQTT-IoT_Dataset\NormalData\CSV_Extracted_Split\Pcap_Files__NormalData16_part015.csv,Pcap_Files__NormalData16_part015.csv,NORMAL,NONE,NORMAL,NORMAL,NormalData16,100000,35,26857007,normal,False
C:\Users\Lenovo legion 5\Downloads\data\DoS-DDoS-MQTT-IoT_Dataset\NormalData\CSV_Extracted_Split\Pcap_Files__NormalData16_part016.csv,Pcap_Files__NormalData16_part016.csv,NORMAL,NONE,NORMAL,NORMAL,NormalData16,100000,35,27332956,normal,False
C:\Users\Lenovo legion 5\Downloads\data\DoS-DDoS-MQTT-IoT_Dataset\NormalData\CSV_Extracted_Split\Pcap_Files__NormalData16_part017.csv,Pcap_Files__NormalData16_part017.csv,NORMAL,NONE,NORMAL,NORMAL,NormalData16,82787,35,22244114,normal,False
C:\Users\Lenovo legion 5\Downloads\data\DoS-DDoS-MQTT-IoT_Dataset\NormalData\CSV_Extracted_Split\Pcap_Files__NormalData17_part001.csv,Pcap_Files__NormalData17_part001.csv,NORMAL,NONE,NORMAL,NORMAL,NormalData17,100000,35,25803960,normal,False
C:\Users\Lenovo legion 5\Downloads\data\DoS-DDoS-MQTT-IoT_Dataset\NormalData\CSV_Extracted_Split\Pcap_Files__NormalData17_part002.csv,Pcap_Files__NormalData17_part002.csv,NORMAL,NONE,NORMAL,NORMAL,NormalData17,100000,35,25525205,normal,False
C:\Users\Lenovo legion 5\Downloads\data\DoS-DDoS-MQTT-IoT_Dataset\NormalData\CSV_Extracted_Split\Pcap_Files__NormalData17_part003.csv,Pcap_Files__NormalData17_part003.csv,NORMAL,NONE,NORMAL,NORMAL,NormalData17,100000,35,25532909,normal,False
C:\Users\Lenovo legion 5\Downloads\data\DoS-DDoS-MQTT-IoT_Dataset\NormalData\CSV_Extracted_Split\Pcap_Files__NormalData17_part004.csv,Pcap_Files__NormalData17_part004.csv,NORMAL,NONE,NORMAL,NORMAL,NormalData17,100000,35,25863216,normal,False
C:\Users\Lenovo legion 5\Downloads\data\DoS-DDoS-MQTT-IoT_Dataset\NormalData\CSV_Extracted_Split\Pcap_Files__NormalData17_part005.csv,Pcap_Files__NormalData17_part005.csv,NORMAL,NONE,NORMAL,NORMAL,NormalData17,100000,35,25818547,normal,False
C:\Users\Lenovo legion 5\Downloads\data\DoS-DDoS-MQTT-IoT_Dataset\NormalData\CSV_Extracted_Split\Pcap_Files__NormalData17_part006.csv,Pcap_Files__NormalData17_part006.csv,NORMAL,NONE,NORMAL,NORMAL,NormalData17,100000,35,25625716,normal,False
C:\Users\Lenovo legion 5\Downloads\data\DoS-DDoS-MQTT-IoT_Dataset\NormalData\CSV_Extracted_Split\Pcap_Files__NormalData17_part007.csv,Pcap_Files__NormalData17_part007.csv,NORMAL,NONE,NORMAL,NORMAL,NormalData17,100000,35,26110783,normal,False
C:\Users\Lenovo legion 5\Downloads\data\DoS-DDoS-MQTT-IoT_Dataset\NormalData\CSV_Extracted_Split\Pcap_Files__NormalData17_part008.csv,Pcap_Files__NormalData17_part008.csv,NORMAL,NONE,NORMAL,NORMAL,NormalData17,100000,35,25666045,normal,False
C:\Users\Lenovo legion 5\Downloads\data\DoS-DDoS-MQTT-IoT_Dataset\NormalData\CSV_Extracted_Split\Pcap_Files__NormalData17_part009.csv,Pcap_Files__NormalData17_part009.csv,NORMAL,NONE,NORMAL,NORMAL,NormalData17,100000,35,26068953,normal,False
C:\Users\Lenovo legion 5\Downloads\data\DoS-DDoS-MQTT-IoT_Dataset\NormalData\CSV_Extracted_Split\Pcap_Files__NormalData17_part010.csv,Pcap_Files__NormalData17_part010.csv,NORMAL,NONE,NORMAL,NORMAL,NormalData17,100000,35,25895768,normal,False
C:\Users\Lenovo legion 5\Downloads\data\DoS-DDoS-MQTT-IoT_Dataset\NormalData\CSV_Extracted_Split\Pcap_Files__NormalData17_part011.csv,Pcap_Files__NormalData17_part011.csv,NORMAL,NONE,NORMAL,NORMAL,NormalData17,100000,35,26018685,normal,False
C:\Users\Lenovo legion 5\Downloads\data\DoS-DDoS-MQTT-IoT_Dataset\NormalData\CSV_Extracted_Split\Pcap_Files__NormalData17_part012.csv,Pcap_Files__NormalData17_part012.csv,NORMAL,NONE,NORMAL,NORMAL,NormalData17,100000,35,26438716,normal,False
C:\Users\Lenovo legion 5\Downloads\data\DoS-DDoS-MQTT-IoT_Dataset\NormalData\CSV_Extracted_Split\Pcap_Files__NormalData17_part013.csv,Pcap_Files__NormalData17_part013.csv,NORMAL,NONE,NORMAL,NORMAL,NormalData17,100000,35,26263659,normal,False
C:\Users\Lenovo legion 5\Downloads\data\DoS-DDoS-MQTT-IoT_Dataset\NormalData\CSV_Extracted_Split\Pcap_Files__NormalData17_part014.csv,Pcap_Files__NormalData17_part014.csv,NORMAL,NONE,NORMAL,NORMAL,NormalData17,100000,35,25803496,normal,False
C:\Users\Lenovo legion 5\Downloads\data\DoS-DDoS-MQTT-IoT_Dataset\NormalData\CSV_Extracted_Split\Pcap_Files__NormalData17_part015.csv,Pcap_Files__NormalData17_part015.csv,NORMAL,NONE,NORMAL,NORMAL,NormalData17,100000,35,26732226,normal,False
C:\Users\Lenovo legion 5\Downloads\data\DoS-DDoS-MQTT-IoT_Dataset\NormalData\CSV_Extracted_Split\Pcap_Files__NormalData17_part016.csv,Pcap_Files__NormalData17_part016.csv,NORMAL,NONE,NORMAL,NORMAL,NormalData17,100000,35,26289437,normal,False
C:\Users\Lenovo legion 5\Downloads\data\DoS-DDoS-MQTT-IoT_Dataset\NormalData\CSV_Extracted_Split\Pcap_Files__NormalData17_part017.csv,Pcap_Files__NormalData17_part017.csv,NORMAL,NONE,NORMAL,NORMAL,NormalData17,89211,35,23663301,normal,False
C:\Users\Lenovo legion 5\Downloads\data\DoS-DDoS-MQTT-IoT_Dataset\NormalData\CSV_Extracted_Split\Pcap_Files__NormalData18_part001.csv,Pcap_Files__NormalData18_part001.csv,NORMAL,NONE,NORMAL,NORMAL,NormalData18,100000,35,25326955,normal,False
C:\Users\Lenovo legion 5\Downloads\data\DoS-DDoS-MQTT-IoT_Dataset\NormalData\CSV_Extracted_Split\Pcap_Files__NormalData18_part002.csv,Pcap_Files__NormalData18_part002.csv,NORMAL,NONE,NORMAL,NORMAL,NormalData18,100000,35,26573653,normal,False
C:\Users\Lenovo legion 5\Downloads\data\DoS-DDoS-MQTT-IoT_Dataset\NormalData\CSV_Extracted_Split\Pcap_Files__NormalData18_part003.csv,Pcap_Files__NormalData18_part003.csv,NORMAL,NONE,NORMAL,NORMAL,NormalData18,100000,35,25593708,normal,False
C:\Users\Lenovo legion 5\Downloads\data\DoS-DDoS-MQTT-IoT_Dataset\NormalData\CSV_Extracted_Split\Pcap_Files__NormalData18_part004.csv,Pcap_Files__NormalData18_part004.csv,NORMAL,NONE,NORMAL,NORMAL,NormalData18,100000,35,25722903,normal,False
C:\Users\Lenovo legion 5\Downloads\data\DoS-DDoS-MQTT-IoT_Dataset\NormalData\CSV_Extracted_Split\Pcap_Files__NormalData18_part005.csv,Pcap_Files__NormalData18_part005.csv,NORMAL,NONE,NORMAL,NORMAL,NormalData18,100000,35,25844971,normal,False
C:\Users\Lenovo legion 5\Downloads\data\DoS-DDoS-MQTT-IoT_Dataset\NormalData\CSV_Extracted_Split\Pcap_Files__NormalData18_part006.csv,Pcap_Files__NormalData18_part006.csv,NORMAL,NONE,NORMAL,NORMAL,NormalData18,100000,35,26149896,normal,False
C:\Users\Lenovo legion 5\Downloads\data\DoS-DDoS-MQTT-IoT_Dataset\NormalData\CSV_Extracted_Split\Pcap_Files__NormalData18_part007.csv,Pcap_Files__NormalData18_part007.csv,NORMAL,NONE,NORMAL,NORMAL,NormalData18,100000,35,26330941,normal,False
C:\Users\Lenovo legion 5\Downloads\data\DoS-DDoS-MQTT-IoT_Dataset\NormalData\CSV_Extracted_Split\Pcap_Files__NormalData18_part008.csv,Pcap_Files__NormalData18_part008.csv,NORMAL,NONE,NORMAL,NORMAL,NormalData18,100000,35,25865887,normal,False
C:\Users\Lenovo legion 5\Downloads\data\DoS-DDoS-MQTT-IoT_Dataset\NormalData\CSV_Extracted_Split\Pcap_Files__NormalData18_part009.csv,Pcap_Files__NormalData18_part009.csv,NORMAL,NONE,NORMAL,NORMAL,NormalData18,100000,35,34654255,normal,False
C:\Users\Lenovo legion 5\Downloads\data\DoS-DDoS-MQTT-IoT_Dataset\NormalData\CSV_Extracted_Split\Pcap_Files__NormalData18_part010.csv,Pcap_Files__NormalData18_part010.csv,NORMAL,NONE,NORMAL,NORMAL,NormalData18,100000,35,66612444,normal,False
C:\Users\Lenovo legion 5\Downloads\data\DoS-DDoS-MQTT-IoT_Dataset\NormalData\CSV_Extracted_Split\Pcap_Files__NormalData18_part011.csv,Pcap_Files__NormalData18_part011.csv,NORMAL,NONE,NORMAL,NORMAL,NormalData18,100000,35,61866703,normal,False
C:\Users\Lenovo legion 5\Downloads\data\DoS-DDoS-MQTT-IoT_Dataset\NormalData\CSV_Extracted_Split\Pcap_Files__NormalData18_part012.csv,Pcap_Files__NormalData18_part012.csv,NORMAL,NONE,NORMAL,NORMAL,NormalData18,11203,35,6786531,normal,False
C:\Users\Lenovo legion 5\Downloads\data\DoS-DDoS-MQTT-IoT_Dataset\NormalData\CSV_Extracted_Split\Pcap_Files__NormalData19_part001.csv,Pcap_Files__NormalData19_part001.csv,NORMAL,NONE,NORMAL,NORMAL,NormalData19,100000,35,59815609,normal,False
C:\Users\Lenovo legion 5\Downloads\data\DoS-DDoS-MQTT-IoT_Dataset\NormalData\CSV_Extracted_Split\Pcap_Files__NormalData19_part002.csv,Pcap_Files__NormalData19_part002.csv,NORMAL,NONE,NORMAL,NORMAL,NormalData19,100000,35,62101255,normal,False
C:\Users\Lenovo legion 5\Downloads\data\DoS-DDoS-MQTT-IoT_Dataset\NormalData\CSV_Extracted_Split\Pcap_Files__NormalData19_part003.csv,Pcap_Files__NormalData19_part003.csv,NORMAL,NONE,NORMAL,NORMAL,NormalData19,100000,35,62020285,normal,False
C:\Users\Lenovo legion 5\Downloads\data\DoS-DDoS-MQTT-IoT_Dataset\NormalData\CSV_Extracted_Split\Pcap_Files__NormalData19_part004.csv,Pcap_Files__NormalData19_part004.csv,NORMAL,NONE,NORMAL,NORMAL,NormalData19,100000,35,59824722,normal,False
C:\Users\Lenovo legion 5\Downloads\data\DoS-DDoS-MQTT-IoT_Dataset\NormalData\CSV_Extracted_Split\Pcap_Files__NormalData19_part005.csv,Pcap_Files__NormalData19_part005.csv,NORMAL,NONE,NORMAL,NORMAL,NormalData19,100000,35,59816681,normal,False
C:\Users\Lenovo legion 5\Downloads\data\DoS-DDoS-MQTT-IoT_Dataset\NormalData\CSV_Extracted_Split\Pcap_Files__NormalData19_part006.csv,Pcap_Files__NormalData19_part006.csv,NORMAL,NONE,NORMAL,NORMAL,NormalData19,26737,35,15584906,normal,False
C:\Users\Lenovo legion 5\Downloads\data\DoS-DDoS-MQTT-IoT_Dataset\NormalData\CSV_Extracted_Split\Pcap_Files__NormalData1_part001.csv,Pcap_Files__NormalData1_part001.csv,NORMAL,NONE,NORMAL,NORMAL,NormalData1,100000,35,23522702,normal,False
C:\Users\Lenovo legion 5\Downloads\data\DoS-DDoS-MQTT-IoT_Dataset\NormalData\CSV_Extracted_Split\Pcap_Files__NormalData1_part002.csv,Pcap_Files__NormalData1_part002.csv,NORMAL,NONE,NORMAL,NORMAL,NormalData1,100000,35,23798902,normal,False
C:\Users\Lenovo legion 5\Downloads\data\DoS-DDoS-MQTT-IoT_Dataset\NormalData\CSV_Extracted_Split\Pcap_Files__NormalData1_part003.csv,Pcap_Files__NormalData1_part003.csv,NORMAL,NONE,NORMAL,NORMAL,NormalData1,100000,35,23901141,normal,False
C:\Users\Lenovo legion 5\Downloads\data\DoS-DDoS-MQTT-IoT_Dataset\NormalData\CSV_Extracted_Split\Pcap_Files__NormalData1_part004.csv,Pcap_Files__NormalData1_part004.csv,NORMAL,NONE,NORMAL,NORMAL,NormalData1,100000,35,23831937,normal,False
C:\Users\Lenovo legion 5\Downloads\data\DoS-DDoS-MQTT-IoT_Dataset\NormalData\CSV_Extracted_Split\Pcap_Files__NormalData1_part005.csv,Pcap_Files__NormalData1_part005.csv,NORMAL,NONE,NORMAL,NORMAL,NormalData1,100000,35,23884994,normal,False
C:\Users\Lenovo legion 5\Downloads\data\DoS-DDoS-MQTT-IoT_Dataset\NormalData\CSV_Extracted_Split\Pcap_Files__NormalData1_part006.csv,Pcap_Files__NormalData1_part006.csv,NORMAL,NONE,NORMAL,NORMAL,NormalData1,100000,35,23869971,normal,False
C:\Users\Lenovo legion 5\Downloads\data\DoS-DDoS-MQTT-IoT_Dataset\NormalData\CSV_Extracted_Split\Pcap_Files__NormalData1_part007.csv,Pcap_Files__NormalData1_part007.csv,NORMAL,NONE,NORMAL,NORMAL,NormalData1,100000,35,23914800,normal,False
C:\Users\Lenovo legion 5\Downloads\data\DoS-DDoS-MQTT-IoT_Dataset\NormalData\CSV_Extracted_Split\Pcap_Files__NormalData1_part008.csv,Pcap_Files__NormalData1_part008.csv,NORMAL,NONE,NORMAL,NORMAL,NormalData1,100000,35,23954605,normal,False
C:\Users\Lenovo legion 5\Downloads\data\DoS-DDoS-MQTT-IoT_Dataset\NormalData\CSV_Extracted_Split\Pcap_Files__NormalData1_part009.csv,Pcap_Files__NormalData1_part009.csv,NORMAL,NONE,NORMAL,NORMAL,NormalData1,100000,35,23867987,normal,False
C:\Users\Lenovo legion 5\Downloads\data\DoS-DDoS-MQTT-IoT_Dataset\NormalData\CSV_Extracted_Split\Pcap_Files__NormalData1_part010.csv,Pcap_Files__NormalData1_part010.csv,NORMAL,NONE,NORMAL,NORMAL,NormalData1,100000,35,24016451,normal,False
C:\Users\Lenovo legion 5\Downloads\data\DoS-DDoS-MQTT-IoT_Dataset\NormalData\CSV_Extracted_Split\Pcap_Files__NormalData1_part011.csv,Pcap_Files__NormalData1_part011.csv,NORMAL,NONE,NORMAL,NORMAL,NormalData1,100000,35,23931263,normal,False
C:\Users\Lenovo legion 5\Downloads\data\DoS-DDoS-MQTT-IoT_Dataset\NormalData\CSV_Extracted_Split\Pcap_Files__NormalData1_part012.csv,Pcap_Files__NormalData1_part012.csv,NORMAL,NONE,NORMAL,NORMAL,NormalData1,100000,35,24115667,normal,False
C:\Users\Lenovo legion 5\Downloads\data\DoS-DDoS-MQTT-IoT_Dataset\NormalData\CSV_Extracted_Split\Pcap_Files__NormalData1_part013.csv,Pcap_Files__NormalData1_part013.csv,NORMAL,NONE,NORMAL,NORMAL,NormalData1,100000,35,24316291,normal,False
C:\Users\Lenovo legion 5\Downloads\data\DoS-DDoS-MQTT-IoT_Dataset\NormalData\CSV_Extracted_Split\Pcap_Files__NormalData1_part014.csv,Pcap_Files__NormalData1_part014.csv,NORMAL,NONE,NORMAL,NORMAL,NormalData1,100000,35,24361090,normal,False
C:\Users\Lenovo legion 5\Downloads\data\DoS-DDoS-MQTT-IoT_Dataset\NormalData\CSV_Extracted_Split\Pcap_Files__NormalData1_part015.csv,Pcap_Files__NormalData1_part015.csv,NORMAL,NONE,NORMAL,NORMAL,NormalData1,100000,35,24226765,normal,False
C:\Users\Lenovo legion 5\Downloads\data\DoS-DDoS-MQTT-IoT_Dataset\NormalData\CSV_Extracted_Split\Pcap_Files__NormalData1_part016.csv,Pcap_Files__NormalData1_part016.csv,NORMAL,NONE,NORMAL,NORMAL,NormalData1,100000,35,24352552,normal,False
C:\Users\Lenovo legion 5\Downloads\data\DoS-DDoS-MQTT-IoT_Dataset\NormalData\CSV_Extracted_Split\Pcap_Files__NormalData1_part017.csv,Pcap_Files__NormalData1_part017.csv,NORMAL,NONE,NORMAL,NORMAL,NormalData1,100000,35,24280651,normal,False
C:\Users\Lenovo legion 5\Downloads\data\DoS-DDoS-MQTT-IoT_Dataset\NormalData\CSV_Extracted_Split\Pcap_Files__NormalData1_part018.csv,Pcap_Files__NormalData1_part018.csv,NORMAL,NONE,NORMAL,NORMAL,NormalData1,100000,35,24345889,normal,False
C:\Users\Lenovo legion 5\Downloads\data\DoS-DDoS-MQTT-IoT_Dataset\NormalData\CSV_Extracted_Split\Pcap_Files__NormalData1_part019.csv,Pcap_Files__NormalData1_part019.csv,NORMAL,NONE,NORMAL,NORMAL,NormalData1,100000,35,24289142,normal,False
C:\Users\Lenovo legion 5\Downloads\data\DoS-DDoS-MQTT-IoT_Dataset\NormalData\CSV_Extracted_Split\Pcap_Files__NormalData1_part020.csv,Pcap_Files__NormalData1_part020.csv,NORMAL,NONE,NORMAL,NORMAL,NormalData1,59584,35,14534425,normal,False
C:\Users\Lenovo legion 5\Downloads\data\DoS-DDoS-MQTT-IoT_Dataset\NormalData\CSV_Extracted_Split\Pcap_Files__NormalData20_part001.csv,Pcap_Files__NormalData20_part001.csv,NORMAL,NONE,NORMAL,NORMAL,NormalData20,100000,35,55465380,normal,False
C:\Users\Lenovo legion 5\Downloads\data\DoS-DDoS-MQTT-IoT_Dataset\NormalData\CSV_Extracted_Split\Pcap_Files__NormalData20_part002.csv,Pcap_Files__NormalData20_part002.csv,NORMAL,NONE,NORMAL,NORMAL,NormalData20,100000,35,57393935,normal,False
C:\Users\Lenovo legion 5\Downloads\data\DoS-DDoS-MQTT-IoT_Dataset\NormalData\CSV_Extracted_Split\Pcap_Files__NormalData20_part003.csv,Pcap_Files__NormalData20_part003.csv,NORMAL,NONE,NORMAL,NORMAL,NormalData20,100000,35,56316507,normal,False
C:\Users\Lenovo legion 5\Downloads\data\DoS-DDoS-MQTT-IoT_Dataset\NormalData\CSV_Extracted_Split\Pcap_Files__NormalData20_part004.csv,Pcap_Files__NormalData20_part004.csv,NORMAL,NONE,NORMAL,NORMAL,NormalData20,100000,35,55914943,normal,False
C:\Users\Lenovo legion 5\Downloads\data\DoS-DDoS-MQTT-IoT_Dataset\NormalData\CSV_Extracted_Split\Pcap_Files__NormalData20_part005.csv,Pcap_Files__NormalData20_part005.csv,NORMAL,NONE,NORMAL,NORMAL,NormalData20,100000,35,55924403,normal,False
C:\Users\Lenovo legion 5\Downloads\data\DoS-DDoS-MQTT-IoT_Dataset\NormalData\CSV_Extracted_Split\Pcap_Files__NormalData20_part006.csv,Pcap_Files__NormalData20_part006.csv,NORMAL,NONE,NORMAL,NORMAL,NormalData20,72893,35,41372073,normal,False
C:\Users\Lenovo legion 5\Downloads\data\DoS-DDoS-MQTT-IoT_Dataset\NormalData\CSV_Extracted_Split\Pcap_Files__NormalData21_part001.csv,Pcap_Files__NormalData21_part001.csv,NORMAL,NONE,NORMAL,NORMAL,NormalData21,100000,35,58160564,normal,False
C:\Users\Lenovo legion 5\Downloads\data\DoS-DDoS-MQTT-IoT_Dataset\NormalData\CSV_Extracted_Split\Pcap_Files__NormalData21_part002.csv,Pcap_Files__NormalData21_part002.csv,NORMAL,NONE,NORMAL,NORMAL,NormalData21,100000,35,56559939,normal,False
C:\Users\Lenovo legion 5\Downloads\data\DoS-DDoS-MQTT-IoT_Dataset\NormalData\CSV_Extracted_Split\Pcap_Files__NormalData21_part003.csv,Pcap_Files__NormalData21_part003.csv,NORMAL,NONE,NORMAL,NORMAL,NormalData21,100000,35,56161383,normal,False
C:\Users\Lenovo legion 5\Downloads\data\DoS-DDoS-MQTT-IoT_Dataset\NormalData\CSV_Extracted_Split\Pcap_Files__NormalData21_part004.csv,Pcap_Files__NormalData21_part004.csv,NORMAL,NONE,NORMAL,NORMAL,NormalData21,100000,35,55614806,normal,False
C:\Users\Lenovo legion 5\Downloads\data\DoS-DDoS-MQTT-IoT_Dataset\NormalData\CSV_Extracted_Split\Pcap_Files__NormalData21_part005.csv,Pcap_Files__NormalData21_part005.csv,NORMAL,NONE,NORMAL,NORMAL,NormalData21,100000,35,55723635,normal,False
C:\Users\Lenovo legion 5\Downloads\data\DoS-DDoS-MQTT-IoT_Dataset\NormalData\CSV_Extracted_Split\Pcap_Files__NormalData21_part006.csv,Pcap_Files__NormalData21_part006.csv,NORMAL,NONE,NORMAL,NORMAL,NormalData21,74447,35,41587372,normal,False
C:\Users\Lenovo legion 5\Downloads\data\DoS-DDoS-MQTT-IoT_Dataset\NormalData\CSV_Extracted_Split\Pcap_Files__NormalData22_part001.csv,Pcap_Files__NormalData22_part001.csv,NORMAL,NONE,NORMAL,NORMAL,NormalData22,100000,35,55701784,normal,False
C:\Users\Lenovo legion 5\Downloads\data\DoS-DDoS-MQTT-IoT_Dataset\NormalData\CSV_Extracted_Split\Pcap_Files__NormalData22_part002.csv,Pcap_Files__NormalData22_part002.csv,NORMAL,NONE,NORMAL,NORMAL,NormalData22,100000,35,55535976,normal,False
C:\Users\Lenovo legion 5\Downloads\data\DoS-DDoS-MQTT-IoT_Dataset\NormalData\CSV_Extracted_Split\Pcap_Files__NormalData22_part003.csv,Pcap_Files__NormalData22_part003.csv,NORMAL,NONE,NORMAL,NORMAL,NormalData22,100000,35,52922892,normal,False
C:\Users\Lenovo legion 5\Downloads\data\DoS-DDoS-MQTT-IoT_Dataset\NormalData\CSV_Extracted_Split\Pcap_Files__NormalData22_part004.csv,Pcap_Files__NormalData22_part004.csv,NORMAL,NONE,NORMAL,NORMAL,NormalData22,100000,35,55143869,normal,False
C:\Users\Lenovo legion 5\Downloads\data\DoS-DDoS-MQTT-IoT_Dataset\NormalData\CSV_Extracted_Split\Pcap_Files__NormalData22_part005.csv,Pcap_Files__NormalData22_part005.csv,NORMAL,NONE,NORMAL,NORMAL,NormalData22,100000,35,57605205,normal,False
C:\Users\Lenovo legion 5\Downloads\data\DoS-DDoS-MQTT-IoT_Dataset\NormalData\CSV_Extracted_Split\Pcap_Files__NormalData22_part006.csv,Pcap_Files__NormalData22_part006.csv,NORMAL,NONE,NORMAL,NORMAL,NormalData22,79020,35,45568621,normal,False
C:\Users\Lenovo legion 5\Downloads\data\DoS-DDoS-MQTT-IoT_Dataset\NormalData\CSV_Extracted_Split\Pcap_Files__NormalData23_part001.csv,Pcap_Files__NormalData23_part001.csv,NORMAL,NONE,NORMAL,NORMAL,NormalData23,100000,35,57710334,normal,False
C:\Users\Lenovo legion 5\Downloads\data\DoS-DDoS-MQTT-IoT_Dataset\NormalData\CSV_Extracted_Split\Pcap_Files__NormalData23_part002.csv,Pcap_Files__NormalData23_part002.csv,NORMAL,NONE,NORMAL,NORMAL,NormalData23,100000,35,57071198,normal,False
C:\Users\Lenovo legion 5\Downloads\data\DoS-DDoS-MQTT-IoT_Dataset\NormalData\CSV_Extracted_Split\Pcap_Files__NormalData23_part003.csv,Pcap_Files__NormalData23_part003.csv,NORMAL,NONE,NORMAL,NORMAL,NormalData23,100000,35,56713258,normal,False
C:\Users\Lenovo legion 5\Downloads\data\DoS-DDoS-MQTT-IoT_Dataset\NormalData\CSV_Extracted_Split\Pcap_Files__NormalData23_part004.csv,Pcap_Files__NormalData23_part004.csv,NORMAL,NONE,NORMAL,NORMAL,NormalData23,100000,35,53782422,normal,False
C:\Users\Lenovo legion 5\Downloads\data\DoS-DDoS-MQTT-IoT_Dataset\NormalData\CSV_Extracted_Split\Pcap_Files__NormalData23_part005.csv,Pcap_Files__NormalData23_part005.csv,NORMAL,NONE,NORMAL,NORMAL,NormalData23,100000,35,54713881,normal,False
C:\Users\Lenovo legion 5\Downloads\data\DoS-DDoS-MQTT-IoT_Dataset\NormalData\CSV_Extracted_Split\Pcap_Files__NormalData23_part006.csv,Pcap_Files__NormalData23_part006.csv,NORMAL,NONE,NORMAL,NORMAL,NormalData23,89017,35,47229114,normal,False
C:\Users\Lenovo legion 5\Downloads\data\DoS-DDoS-MQTT-IoT_Dataset\NormalData\CSV_Extracted_Split\Pcap_Files__NormalData24_part001.csv,Pcap_Files__NormalData24_part001.csv,NORMAL,NONE,NORMAL,NORMAL,NormalData24,100000,35,54442471,normal,False
C:\Users\Lenovo legion 5\Downloads\data\DoS-DDoS-MQTT-IoT_Dataset\NormalData\CSV_Extracted_Split\Pcap_Files__NormalData24_part002.csv,Pcap_Files__NormalData24_part002.csv,NORMAL,NONE,NORMAL,NORMAL,NormalData24,100000,35,56048151,normal,False
C:\Users\Lenovo legion 5\Downloads\data\DoS-DDoS-MQTT-IoT_Dataset\NormalData\CSV_Extracted_Split\Pcap_Files__NormalData24_part003.csv,Pcap_Files__NormalData24_part003.csv,NORMAL,NONE,NORMAL,NORMAL,NormalData24,100000,35,55136993,normal,False
C:\Users\Lenovo legion 5\Downloads\data\DoS-DDoS-MQTT-IoT_Dataset\NormalData\CSV_Extracted_Split\Pcap_Files__NormalData24_part004.csv,Pcap_Files__NormalData24_part004.csv,NORMAL,NONE,NORMAL,NORMAL,NormalData24,100000,35,57352130,normal,False
C:\Users\Lenovo legion 5\Downloads\data\DoS-DDoS-MQTT-IoT_Dataset\NormalData\CSV_Extracted_Split\Pcap_Files__NormalData24_part005.csv,Pcap_Files__NormalData24_part005.csv,NORMAL,NONE,NORMAL,NORMAL,NormalData24,100000,35,55313676,normal,False
C:\Users\Lenovo legion 5\Downloads\data\DoS-DDoS-MQTT-IoT_Dataset\NormalData\CSV_Extracted_Split\Pcap_Files__NormalData24_part006.csv,Pcap_Files__NormalData24_part006.csv,NORMAL,NONE,NORMAL,NORMAL,NormalData24,86192,35,46740549,normal,False
C:\Users\Lenovo legion 5\Downloads\data\DoS-DDoS-MQTT-IoT_Dataset\NormalData\CSV_Extracted_Split\Pcap_Files__NormalData25_part001.csv,Pcap_Files__NormalData25_part001.csv,NORMAL,NONE,NORMAL,NORMAL,NormalData25,100000,35,55870437,normal,False
C:\Users\Lenovo legion 5\Downloads\data\DoS-DDoS-MQTT-IoT_Dataset\NormalData\CSV_Extracted_Split\Pcap_Files__NormalData25_part002.csv,Pcap_Files__NormalData25_part002.csv,NORMAL,NONE,NORMAL,NORMAL,NormalData25,100000,35,55382911,normal,False
C:\Users\Lenovo legion 5\Downloads\data\DoS-DDoS-MQTT-IoT_Dataset\NormalData\CSV_Extracted_Split\Pcap_Files__NormalData25_part003.csv,Pcap_Files__NormalData25_part003.csv,NORMAL,NONE,NORMAL,NORMAL,NormalData25,100000,35,53277935,normal,False
C:\Users\Lenovo legion 5\Downloads\data\DoS-DDoS-MQTT-IoT_Dataset\NormalData\CSV_Extracted_Split\Pcap_Files__NormalData25_part004.csv,Pcap_Files__NormalData25_part004.csv,NORMAL,NONE,NORMAL,NORMAL,NormalData25,100000,35,52933920,normal,False
C:\Users\Lenovo legion 5\Downloads\data\DoS-DDoS-MQTT-IoT_Dataset\NormalData\CSV_Extracted_Split\Pcap_Files__NormalData25_part005.csv,Pcap_Files__NormalData25_part005.csv,NORMAL,NONE,NORMAL,NORMAL,NormalData25,100000,35,57859002,normal,False
C:\Users\Lenovo legion 5\Downloads\data\DoS-DDoS-MQTT-IoT_Dataset\NormalData\CSV_Extracted_Split\Pcap_Files__NormalData25_part006.csv,Pcap_Files__NormalData25_part006.csv,NORMAL,NONE,NORMAL,NORMAL,NormalData25,97963,35,52129768,normal,False
C:\Users\Lenovo legion 5\Downloads\data\DoS-DDoS-MQTT-IoT_Dataset\NormalData\CSV_Extracted_Split\Pcap_Files__NormalData26_part001.csv,Pcap_Files__NormalData26_part001.csv,NORMAL,NONE,NORMAL,NORMAL,NormalData26,100000,35,56304899,normal,False
C:\Users\Lenovo legion 5\Downloads\data\DoS-DDoS-MQTT-IoT_Dataset\NormalData\CSV_Extracted_Split\Pcap_Files__NormalData26_part002.csv,Pcap_Files__NormalData26_part002.csv,NORMAL,NONE,NORMAL,NORMAL,NormalData26,100000,35,56677225,normal,False
C:\Users\Lenovo legion 5\Downloads\data\DoS-DDoS-MQTT-IoT_Dataset\NormalData\CSV_Extracted_Split\Pcap_Files__NormalData26_part003.csv,Pcap_Files__NormalData26_part003.csv,NORMAL,NONE,NORMAL,NORMAL,NormalData26,100000,35,54614640,normal,False
C:\Users\Lenovo legion 5\Downloads\data\DoS-DDoS-MQTT-IoT_Dataset\NormalData\CSV_Extracted_Split\Pcap_Files__NormalData26_part004.csv,Pcap_Files__NormalData26_part004.csv,NORMAL,NONE,NORMAL,NORMAL,NormalData26,100000,35,55985771,normal,False
C:\Users\Lenovo legion 5\Downloads\data\DoS-DDoS-MQTT-IoT_Dataset\NormalData\CSV_Extracted_Split\Pcap_Files__NormalData26_part005.csv,Pcap_Files__NormalData26_part005.csv,NORMAL,NONE,NORMAL,NORMAL,NormalData26,100000,35,55233412,normal,False
C:\Users\Lenovo legion 5\Downloads\data\DoS-DDoS-MQTT-IoT_Dataset\NormalData\CSV_Extracted_Split\Pcap_Files__NormalData26_part006.csv,Pcap_Files__NormalData26_part006.csv,NORMAL,NONE,NORMAL,NORMAL,NormalData26,87530,35,48559985,normal,False
C:\Users\Lenovo legion 5\Downloads\data\DoS-DDoS-MQTT-IoT_Dataset\NormalData\CSV_Extracted_Split\Pcap_Files__NormalData27_part001.csv,Pcap_Files__NormalData27_part001.csv,NORMAL,NONE,NORMAL,NORMAL,NormalData27,100000,35,53720052,normal,False
C:\Users\Lenovo legion 5\Downloads\data\DoS-DDoS-MQTT-IoT_Dataset\NormalData\CSV_Extracted_Split\Pcap_Files__NormalData27_part002.csv,Pcap_Files__NormalData27_part002.csv,NORMAL,NONE,NORMAL,NORMAL,NormalData27,100000,35,55220247,normal,False
C:\Users\Lenovo legion 5\Downloads\data\DoS-DDoS-MQTT-IoT_Dataset\NormalData\CSV_Extracted_Split\Pcap_Files__NormalData27_part003.csv,Pcap_Files__NormalData27_part003.csv,NORMAL,NONE,NORMAL,NORMAL,NormalData27,100000,35,55086660,normal,False
C:\Users\Lenovo legion 5\Downloads\data\DoS-DDoS-MQTT-IoT_Dataset\NormalData\CSV_Extracted_Split\Pcap_Files__NormalData27_part004.csv,Pcap_Files__NormalData27_part004.csv,NORMAL,NONE,NORMAL,NORMAL,NormalData27,100000,35,57626111,normal,False
C:\Users\Lenovo legion 5\Downloads\data\DoS-DDoS-MQTT-IoT_Dataset\NormalData\CSV_Extracted_Split\Pcap_Files__NormalData27_part005.csv,Pcap_Files__NormalData27_part005.csv,NORMAL,NONE,NORMAL,NORMAL,NormalData27,100000,35,51256213,normal,False
C:\Users\Lenovo legion 5\Downloads\data\DoS-DDoS-MQTT-IoT_Dataset\NormalData\CSV_Extracted_Split\Pcap_Files__NormalData27_part006.csv,Pcap_Files__NormalData27_part006.csv,NORMAL,NONE,NORMAL,NORMAL,NormalData27,100000,35,51528514,normal,False
C:\Users\Lenovo legion 5\Downloads\data\DoS-DDoS-MQTT-IoT_Dataset\NormalData\CSV_Extracted_Split\Pcap_Files__NormalData27_part007.csv,Pcap_Files__NormalData27_part007.csv,NORMAL,NONE,NORMAL,NORMAL,NormalData27,9180,35,4781265,normal,False
C:\Users\Lenovo legion 5\Downloads\data\DoS-DDoS-MQTT-IoT_Dataset\NormalData\CSV_Extracted_Split\Pcap_Files__NormalData28_part001.csv,Pcap_Files__NormalData28_part001.csv,NORMAL,NONE,NORMAL,NORMAL,NormalData28,100000,35,53751366,normal,False
C:\Users\Lenovo legion 5\Downloads\data\DoS-DDoS-MQTT-IoT_Dataset\NormalData\CSV_Extracted_Split\Pcap_Files__NormalData28_part002.csv,Pcap_Files__NormalData28_part002.csv,NORMAL,NONE,NORMAL,NORMAL,NormalData28,100000,35,53095417,normal,False
C:\Users\Lenovo legion 5\Downloads\data\DoS-DDoS-MQTT-IoT_Dataset\NormalData\CSV_Extracted_Split\Pcap_Files__NormalData28_part003.csv,Pcap_Files__NormalData28_part003.csv,NORMAL,NONE,NORMAL,NORMAL,NormalData28,100000,35,57049440,normal,False
C:\Users\Lenovo legion 5\Downloads\data\DoS-DDoS-MQTT-IoT_Dataset\NormalData\CSV_Extracted_Split\Pcap_Files__NormalData28_part004.csv,Pcap_Files__NormalData28_part004.csv,NORMAL,NONE,NORMAL,NORMAL,NormalData28,100000,35,52122339,normal,False
C:\Users\Lenovo legion 5\Downloads\data\DoS-DDoS-MQTT-IoT_Dataset\NormalData\CSV_Extracted_Split\Pcap_Files__NormalData28_part005.csv,Pcap_Files__NormalData28_part005.csv,NORMAL,NONE,NORMAL,NORMAL,NormalData28,100000,35,53175906,normal,False
C:\Users\Lenovo legion 5\Downloads\data\DoS-DDoS-MQTT-IoT_Dataset\NormalData\CSV_Extracted_Split\Pcap_Files__NormalData28_part006.csv,Pcap_Files__NormalData28_part006.csv,NORMAL,NONE,NORMAL,NORMAL,NormalData28,100000,35,53227935,normal,False
C:\Users\Lenovo legion 5\Downloads\data\DoS-DDoS-MQTT-IoT_Dataset\NormalData\CSV_Extracted_Split\Pcap_Files__NormalData28_part007.csv,Pcap_Files__NormalData28_part007.csv,NORMAL,NONE,NORMAL,NORMAL,NormalData28,10051,35,5147405,normal,False
C:\Users\Lenovo legion 5\Downloads\data\DoS-DDoS-MQTT-IoT_Dataset\NormalData\CSV_Extracted_Split\Pcap_Files__NormalData29_part001.csv,Pcap_Files__NormalData29_part001.csv,NORMAL,NONE,NORMAL,NORMAL,NormalData29,100000,35,51590974,normal,False
C:\Users\Lenovo legion 5\Downloads\data\DoS-DDoS-MQTT-IoT_Dataset\NormalData\CSV_Extracted_Split\Pcap_Files__NormalData29_part002.csv,Pcap_Files__NormalData29_part002.csv,NORMAL,NONE,NORMAL,NORMAL,NormalData29,100000,35,51035010,normal,False
C:\Users\Lenovo legion 5\Downloads\data\DoS-DDoS-MQTT-IoT_Dataset\NormalData\CSV_Extracted_Split\Pcap_Files__NormalData29_part003.csv,Pcap_Files__NormalData29_part003.csv,NORMAL,NONE,NORMAL,NORMAL,NormalData29,100000,35,51894922,normal,False
C:\Users\Lenovo legion 5\Downloads\data\DoS-DDoS-MQTT-IoT_Dataset\NormalData\CSV_Extracted_Split\Pcap_Files__NormalData29_part004.csv,Pcap_Files__NormalData29_part004.csv,NORMAL,NONE,NORMAL,NORMAL,NormalData29,100000,35,55815672,normal,False
C:\Users\Lenovo legion 5\Downloads\data\DoS-DDoS-MQTT-IoT_Dataset\NormalData\CSV_Extracted_Split\Pcap_Files__NormalData29_part005.csv,Pcap_Files__NormalData29_part005.csv,NORMAL,NONE,NORMAL,NORMAL,NormalData29,100000,35,52826604,normal,False
C:\Users\Lenovo legion 5\Downloads\data\DoS-DDoS-MQTT-IoT_Dataset\NormalData\CSV_Extracted_Split\Pcap_Files__NormalData29_part006.csv,Pcap_Files__NormalData29_part006.csv,NORMAL,NONE,NORMAL,NORMAL,NormalData29,100000,35,55754686,normal,False
C:\Users\Lenovo legion 5\Downloads\data\DoS-DDoS-MQTT-IoT_Dataset\NormalData\CSV_Extracted_Split\Pcap_Files__NormalData29_part007.csv,Pcap_Files__NormalData29_part007.csv,NORMAL,NONE,NORMAL,NORMAL,NormalData29,21485,35,11192196,normal,False
C:\Users\Lenovo legion 5\Downloads\data\DoS-DDoS-MQTT-IoT_Dataset\NormalData\CSV_Extracted_Split\Pcap_Files__NormalData2_part001.csv,Pcap_Files__NormalData2_part001.csv,NORMAL,NONE,NORMAL,NORMAL,NormalData2,100000,35,23449065,normal,False
C:\Users\Lenovo legion 5\Downloads\data\DoS-DDoS-MQTT-IoT_Dataset\NormalData\CSV_Extracted_Split\Pcap_Files__NormalData2_part002.csv,Pcap_Files__NormalData2_part002.csv,NORMAL,NONE,NORMAL,NORMAL,NormalData2,100000,35,23774372,normal,False
C:\Users\Lenovo legion 5\Downloads\data\DoS-DDoS-MQTT-IoT_Dataset\NormalData\CSV_Extracted_Split\Pcap_Files__NormalData2_part003.csv,Pcap_Files__NormalData2_part003.csv,NORMAL,NONE,NORMAL,NORMAL,NormalData2,100000,35,23772045,normal,False
C:\Users\Lenovo legion 5\Downloads\data\DoS-DDoS-MQTT-IoT_Dataset\NormalData\CSV_Extracted_Split\Pcap_Files__NormalData2_part004.csv,Pcap_Files__NormalData2_part004.csv,NORMAL,NONE,NORMAL,NORMAL,NormalData2,100000,35,23811120,normal,False
C:\Users\Lenovo legion 5\Downloads\data\DoS-DDoS-MQTT-IoT_Dataset\NormalData\CSV_Extracted_Split\Pcap_Files__NormalData2_part005.csv,Pcap_Files__NormalData2_part005.csv,NORMAL,NONE,NORMAL,NORMAL,NormalData2,100000,35,23842756,normal,False
C:\Users\Lenovo legion 5\Downloads\data\DoS-DDoS-MQTT-IoT_Dataset\NormalData\CSV_Extracted_Split\Pcap_Files__NormalData2_part006.csv,Pcap_Files__NormalData2_part006.csv,NORMAL,NONE,NORMAL,NORMAL,NormalData2,100000,35,23829605,normal,False
C:\Users\Lenovo legion 5\Downloads\data\DoS-DDoS-MQTT-IoT_Dataset\NormalData\CSV_Extracted_Split\Pcap_Files__NormalData2_part007.csv,Pcap_Files__NormalData2_part007.csv,NORMAL,NONE,NORMAL,NORMAL,NormalData2,100000,35,23855658,normal,False
C:\Users\Lenovo legion 5\Downloads\data\DoS-DDoS-MQTT-IoT_Dataset\NormalData\CSV_Extracted_Split\Pcap_Files__NormalData2_part008.csv,Pcap_Files__NormalData2_part008.csv,NORMAL,NONE,NORMAL,NORMAL,NormalData2,100000,35,24009102,normal,False
C:\Users\Lenovo legion 5\Downloads\data\DoS-DDoS-MQTT-IoT_Dataset\NormalData\CSV_Extracted_Split\Pcap_Files__NormalData2_part009.csv,Pcap_Files__NormalData2_part009.csv,NORMAL,NONE,NORMAL,NORMAL,NormalData2,100000,35,23880972,normal,False
C:\Users\Lenovo legion 5\Downloads\data\DoS-DDoS-MQTT-IoT_Dataset\NormalData\CSV_Extracted_Split\Pcap_Files__NormalData2_part010.csv,Pcap_Files__NormalData2_part010.csv,NORMAL,NONE,NORMAL,NORMAL,NormalData2,100000,35,23889468,normal,False
C:\Users\Lenovo legion 5\Downloads\data\DoS-DDoS-MQTT-IoT_Dataset\NormalData\CSV_Extracted_Split\Pcap_Files__NormalData2_part011.csv,Pcap_Files__NormalData2_part011.csv,NORMAL,NONE,NORMAL,NORMAL,NormalData2,100000,35,24021475,normal,False
C:\Users\Lenovo legion 5\Downloads\data\DoS-DDoS-MQTT-IoT_Dataset\NormalData\CSV_Extracted_Split\Pcap_Files__NormalData2_part012.csv,Pcap_Files__NormalData2_part012.csv,NORMAL,NONE,NORMAL,NORMAL,NormalData2,100000,35,24141170,normal,False
C:\Users\Lenovo legion 5\Downloads\data\DoS-DDoS-MQTT-IoT_Dataset\NormalData\CSV_Extracted_Split\Pcap_Files__NormalData2_part013.csv,Pcap_Files__NormalData2_part013.csv,NORMAL,NONE,NORMAL,NORMAL,NormalData2,100000,35,24254542,normal,False
C:\Users\Lenovo legion 5\Downloads\data\DoS-DDoS-MQTT-IoT_Dataset\NormalData\CSV_Extracted_Split\Pcap_Files__NormalData2_part014.csv,Pcap_Files__NormalData2_part014.csv,NORMAL,NONE,NORMAL,NORMAL,NormalData2,100000,35,24203777,normal,False
C:\Users\Lenovo legion 5\Downloads\data\DoS-DDoS-MQTT-IoT_Dataset\NormalData\CSV_Extracted_Split\Pcap_Files__NormalData2_part015.csv,Pcap_Files__NormalData2_part015.csv,NORMAL,NONE,NORMAL,NORMAL,NormalData2,100000,35,24240180,normal,False
C:\Users\Lenovo legion 5\Downloads\data\DoS-DDoS-MQTT-IoT_Dataset\NormalData\CSV_Extracted_Split\Pcap_Files__NormalData2_part016.csv,Pcap_Files__NormalData2_part016.csv,NORMAL,NONE,NORMAL,NORMAL,NormalData2,100000,35,24186274,normal,False
C:\Users\Lenovo legion 5\Downloads\data\DoS-DDoS-MQTT-IoT_Dataset\NormalData\CSV_Extracted_Split\Pcap_Files__NormalData2_part017.csv,Pcap_Files__NormalData2_part017.csv,NORMAL,NONE,NORMAL,NORMAL,NormalData2,100000,35,24207427,normal,False
C:\Users\Lenovo legion 5\Downloads\data\DoS-DDoS-MQTT-IoT_Dataset\NormalData\CSV_Extracted_Split\Pcap_Files__NormalData2_part018.csv,Pcap_Files__NormalData2_part018.csv,NORMAL,NONE,NORMAL,NORMAL,NormalData2,100000,35,24294242,normal,False
C:\Users\Lenovo legion 5\Downloads\data\DoS-DDoS-MQTT-IoT_Dataset\NormalData\CSV_Extracted_Split\Pcap_Files__NormalData2_part019.csv,Pcap_Files__NormalData2_part019.csv,NORMAL,NONE,NORMAL,NORMAL,NormalData2,100000,35,24369074,normal,False
C:\Users\Lenovo legion 5\Downloads\data\DoS-DDoS-MQTT-IoT_Dataset\NormalData\CSV_Extracted_Split\Pcap_Files__NormalData2_part020.csv,Pcap_Files__NormalData2_part020.csv,NORMAL,NONE,NORMAL,NORMAL,NormalData2,60804,35,14759949,normal,False
C:\Users\Lenovo legion 5\Downloads\data\DoS-DDoS-MQTT-IoT_Dataset\NormalData\CSV_Extracted_Split\Pcap_Files__NormalData30_part001.csv,Pcap_Files__NormalData30_part001.csv,NORMAL,NONE,NORMAL,NORMAL,NormalData30,100000,35,51737855,normal,False
C:\Users\Lenovo legion 5\Downloads\data\DoS-DDoS-MQTT-IoT_Dataset\NormalData\CSV_Extracted_Split\Pcap_Files__NormalData30_part002.csv,Pcap_Files__NormalData30_part002.csv,NORMAL,NONE,NORMAL,NORMAL,NormalData30,100000,35,53558494,normal,False
C:\Users\Lenovo legion 5\Downloads\data\DoS-DDoS-MQTT-IoT_Dataset\NormalData\CSV_Extracted_Split\Pcap_Files__NormalData30_part003.csv,Pcap_Files__NormalData30_part003.csv,NORMAL,NONE,NORMAL,NORMAL,NormalData30,100000,35,50746338,normal,False
C:\Users\Lenovo legion 5\Downloads\data\DoS-DDoS-MQTT-IoT_Dataset\NormalData\CSV_Extracted_Split\Pcap_Files__NormalData30_part004.csv,Pcap_Files__NormalData30_part004.csv,NORMAL,NONE,NORMAL,NORMAL,NormalData30,100000,35,51527866,normal,False
C:\Users\Lenovo legion 5\Downloads\data\DoS-DDoS-MQTT-IoT_Dataset\NormalData\CSV_Extracted_Split\Pcap_Files__NormalData30_part005.csv,Pcap_Files__NormalData30_part005.csv,NORMAL,NONE,NORMAL,NORMAL,NormalData30,100000,35,51335167,normal,False
C:\Users\Lenovo legion 5\Downloads\data\DoS-DDoS-MQTT-IoT_Dataset\NormalData\CSV_Extracted_Split\Pcap_Files__NormalData30_part006.csv,Pcap_Files__NormalData30_part006.csv,NORMAL,NONE,NORMAL,NORMAL,NormalData30,100000,35,50880803,normal,False
C:\Users\Lenovo legion 5\Downloads\data\DoS-DDoS-MQTT-IoT_Dataset\NormalData\CSV_Extracted_Split\Pcap_Files__NormalData30_part007.csv,Pcap_Files__NormalData30_part007.csv,NORMAL,NONE,NORMAL,NORMAL,NormalData30,46429,35,23590885,normal,False
C:\Users\Lenovo legion 5\Downloads\data\DoS-DDoS-MQTT-IoT_Dataset\NormalData\CSV_Extracted_Split\Pcap_Files__NormalData31_part001.csv,Pcap_Files__NormalData31_part001.csv,NORMAL,NONE,NORMAL,NORMAL,NormalData31,100000,35,23680360,normal,False
C:\Users\Lenovo legion 5\Downloads\data\DoS-DDoS-MQTT-IoT_Dataset\NormalData\CSV_Extracted_Split\Pcap_Files__NormalData31_part002.csv,Pcap_Files__NormalData31_part002.csv,NORMAL,NONE,NORMAL,NORMAL,NormalData31,100000,35,23901095,normal,False
C:\Users\Lenovo legion 5\Downloads\data\DoS-DDoS-MQTT-IoT_Dataset\NormalData\CSV_Extracted_Split\Pcap_Files__NormalData31_part003.csv,Pcap_Files__NormalData31_part003.csv,NORMAL,NONE,NORMAL,NORMAL,NormalData31,100000,35,23828909,normal,False
C:\Users\Lenovo legion 5\Downloads\data\DoS-DDoS-MQTT-IoT_Dataset\NormalData\CSV_Extracted_Split\Pcap_Files__NormalData31_part004.csv,Pcap_Files__NormalData31_part004.csv,NORMAL,NONE,NORMAL,NORMAL,NormalData31,100000,35,23798653,normal,False
C:\Users\Lenovo legion 5\Downloads\data\DoS-DDoS-MQTT-IoT_Dataset\NormalData\CSV_Extracted_Split\Pcap_Files__NormalData31_part005.csv,Pcap_Files__NormalData31_part005.csv,NORMAL,NONE,NORMAL,NORMAL,NormalData31,88718,35,21072710,normal,False
C:\Users\Lenovo legion 5\Downloads\data\DoS-DDoS-MQTT-IoT_Dataset\NormalData\CSV_Extracted_Split\Pcap_Files__NormalData32_part001.csv,Pcap_Files__NormalData32_part001.csv,NORMAL,NONE,NORMAL,NORMAL,NormalData32,100000,35,23516149,normal,False
C:\Users\Lenovo legion 5\Downloads\data\DoS-DDoS-MQTT-IoT_Dataset\NormalData\CSV_Extracted_Split\Pcap_Files__NormalData32_part002.csv,Pcap_Files__NormalData32_part002.csv,NORMAL,NONE,NORMAL,NORMAL,NormalData32,100000,35,23732126,normal,False
C:\Users\Lenovo legion 5\Downloads\data\DoS-DDoS-MQTT-IoT_Dataset\NormalData\CSV_Extracted_Split\Pcap_Files__NormalData32_part003.csv,Pcap_Files__NormalData32_part003.csv,NORMAL,NONE,NORMAL,NORMAL,NormalData32,100000,35,23847157,normal,False
C:\Users\Lenovo legion 5\Downloads\data\DoS-DDoS-MQTT-IoT_Dataset\NormalData\CSV_Extracted_Split\Pcap_Files__NormalData32_part004.csv,Pcap_Files__NormalData32_part004.csv,NORMAL,NONE,NORMAL,NORMAL,NormalData32,100000,35,23799596,normal,False
C:\Users\Lenovo legion 5\Downloads\data\DoS-DDoS-MQTT-IoT_Dataset\NormalData\CSV_Extracted_Split\Pcap_Files__NormalData32_part005.csv,Pcap_Files__NormalData32_part005.csv,NORMAL,NONE,NORMAL,NORMAL,NormalData32,90656,35,21528220,normal,False
C:\Users\Lenovo legion 5\Downloads\data\DoS-DDoS-MQTT-IoT_Dataset\NormalData\CSV_Extracted_Split\Pcap_Files__NormalData33_part001.csv,Pcap_Files__NormalData33_part001.csv,NORMAL,NONE,NORMAL,NORMAL,NormalData33,100000,35,23530560,normal,False
C:\Users\Lenovo legion 5\Downloads\data\DoS-DDoS-MQTT-IoT_Dataset\NormalData\CSV_Extracted_Split\Pcap_Files__NormalData33_part002.csv,Pcap_Files__NormalData33_part002.csv,NORMAL,NONE,NORMAL,NORMAL,NormalData33,100000,35,23676732,normal,False
C:\Users\Lenovo legion 5\Downloads\data\DoS-DDoS-MQTT-IoT_Dataset\NormalData\CSV_Extracted_Split\Pcap_Files__NormalData33_part003.csv,Pcap_Files__NormalData33_part003.csv,NORMAL,NONE,NORMAL,NORMAL,NormalData33,100000,35,23818372,normal,False
C:\Users\Lenovo legion 5\Downloads\data\DoS-DDoS-MQTT-IoT_Dataset\NormalData\CSV_Extracted_Split\Pcap_Files__NormalData33_part004.csv,Pcap_Files__NormalData33_part004.csv,NORMAL,NONE,NORMAL,NORMAL,NormalData33,100000,35,23863576,normal,False
C:\Users\Lenovo legion 5\Downloads\data\DoS-DDoS-MQTT-IoT_Dataset\NormalData\CSV_Extracted_Split\Pcap_Files__NormalData33_part005.csv,Pcap_Files__NormalData33_part005.csv,NORMAL,NONE,NORMAL,NORMAL,NormalData33,89392,35,21375761,normal,False
C:\Users\Lenovo legion 5\Downloads\data\DoS-DDoS-MQTT-IoT_Dataset\NormalData\CSV_Extracted_Split\Pcap_Files__NormalData34_part001.csv,Pcap_Files__NormalData34_part001.csv,NORMAL,NONE,NORMAL,NORMAL,NormalData34,100000,35,23453818,normal,False
C:\Users\Lenovo legion 5\Downloads\data\DoS-DDoS-MQTT-IoT_Dataset\NormalData\CSV_Extracted_Split\Pcap_Files__NormalData34_part002.csv,Pcap_Files__NormalData34_part002.csv,NORMAL,NONE,NORMAL,NORMAL,NormalData34,100000,35,23902445,normal,False
C:\Users\Lenovo legion 5\Downloads\data\DoS-DDoS-MQTT-IoT_Dataset\NormalData\CSV_Extracted_Split\Pcap_Files__NormalData34_part003.csv,Pcap_Files__NormalData34_part003.csv,NORMAL,NONE,NORMAL,NORMAL,NormalData34,100000,35,23810942,normal,False
C:\Users\Lenovo legion 5\Downloads\data\DoS-DDoS-MQTT-IoT_Dataset\NormalData\CSV_Extracted_Split\Pcap_Files__NormalData34_part004.csv,Pcap_Files__NormalData34_part004.csv,NORMAL,NONE,NORMAL,NORMAL,NormalData34,100000,35,23897434,normal,False
C:\Users\Lenovo legion 5\Downloads\data\DoS-DDoS-MQTT-IoT_Dataset\NormalData\CSV_Extracted_Split\Pcap_Files__NormalData34_part005.csv,Pcap_Files__NormalData34_part005.csv,NORMAL,NONE,NORMAL,NORMAL,NormalData34,89096,35,21215755,normal,False
C:\Users\Lenovo legion 5\Downloads\data\DoS-DDoS-MQTT-IoT_Dataset\NormalData\CSV_Extracted_Split\Pcap_Files__NormalData35_part001.csv,Pcap_Files__NormalData35_part001.csv,NORMAL,NONE,NORMAL,NORMAL,NormalData35,100000,35,23485800,normal,False
C:\Users\Lenovo legion 5\Downloads\data\DoS-DDoS-MQTT-IoT_Dataset\NormalData\CSV_Extracted_Split\Pcap_Files__NormalData35_part002.csv,Pcap_Files__NormalData35_part002.csv,NORMAL,NONE,NORMAL,NORMAL,NormalData35,100000,35,23781173,normal,False
C:\Users\Lenovo legion 5\Downloads\data\DoS-DDoS-MQTT-IoT_Dataset\NormalData\CSV_Extracted_Split\Pcap_Files__NormalData35_part003.csv,Pcap_Files__NormalData35_part003.csv,NORMAL,NONE,NORMAL,NORMAL,NormalData35,100000,35,23806986,normal,False
C:\Users\Lenovo legion 5\Downloads\data\DoS-DDoS-MQTT-IoT_Dataset\NormalData\CSV_Extracted_Split\Pcap_Files__NormalData35_part004.csv,Pcap_Files__NormalData35_part004.csv,NORMAL,NONE,NORMAL,NORMAL,NormalData35,100000,35,23755365,normal,False
C:\Users\Lenovo legion 5\Downloads\data\DoS-DDoS-MQTT-IoT_Dataset\NormalData\CSV_Extracted_Split\Pcap_Files__NormalData35_part005.csv,Pcap_Files__NormalData35_part005.csv,NORMAL,NONE,NORMAL,NORMAL,NormalData35,91251,35,21683028,normal,False
C:\Users\Lenovo legion 5\Downloads\data\DoS-DDoS-MQTT-IoT_Dataset\NormalData\CSV_Extracted_Split\Pcap_Files__NormalData36_part001.csv,Pcap_Files__NormalData36_part001.csv,NORMAL,NONE,NORMAL,NORMAL,NormalData36,100000,35,23451744,normal,False
C:\Users\Lenovo legion 5\Downloads\data\DoS-DDoS-MQTT-IoT_Dataset\NormalData\CSV_Extracted_Split\Pcap_Files__NormalData36_part002.csv,Pcap_Files__NormalData36_part002.csv,NORMAL,NONE,NORMAL,NORMAL,NormalData36,100000,35,23835218,normal,False
C:\Users\Lenovo legion 5\Downloads\data\DoS-DDoS-MQTT-IoT_Dataset\NormalData\CSV_Extracted_Split\Pcap_Files__NormalData36_part003.csv,Pcap_Files__NormalData36_part003.csv,NORMAL,NONE,NORMAL,NORMAL,NormalData36,100000,35,23844323,normal,False
C:\Users\Lenovo legion 5\Downloads\data\DoS-DDoS-MQTT-IoT_Dataset\NormalData\CSV_Extracted_Split\Pcap_Files__NormalData36_part004.csv,Pcap_Files__NormalData36_part004.csv,NORMAL,NONE,NORMAL,NORMAL,NormalData36,100000,35,23769139,normal,False
C:\Users\Lenovo legion 5\Downloads\data\DoS-DDoS-MQTT-IoT_Dataset\NormalData\CSV_Extracted_Split\Pcap_Files__NormalData36_part005.csv,Pcap_Files__NormalData36_part005.csv,NORMAL,NONE,NORMAL,NORMAL,NormalData36,90273,35,21466755,normal,False
C:\Users\Lenovo legion 5\Downloads\data\DoS-DDoS-MQTT-IoT_Dataset\NormalData\CSV_Extracted_Split\Pcap_Files__NormalData37_part001.csv,Pcap_Files__NormalData37_part001.csv,NORMAL,NONE,NORMAL,NORMAL,NormalData37,100000,35,23443803,normal,False
C:\Users\Lenovo legion 5\Downloads\data\DoS-DDoS-MQTT-IoT_Dataset\NormalData\CSV_Extracted_Split\Pcap_Files__NormalData37_part002.csv,Pcap_Files__NormalData37_part002.csv,NORMAL,NONE,NORMAL,NORMAL,NormalData37,100000,35,23752256,normal,False
C:\Users\Lenovo legion 5\Downloads\data\DoS-DDoS-MQTT-IoT_Dataset\NormalData\CSV_Extracted_Split\Pcap_Files__NormalData37_part003.csv,Pcap_Files__NormalData37_part003.csv,NORMAL,NONE,NORMAL,NORMAL,NormalData37,100000,35,23816118,normal,False
C:\Users\Lenovo legion 5\Downloads\data\DoS-DDoS-MQTT-IoT_Dataset\NormalData\CSV_Extracted_Split\Pcap_Files__NormalData37_part004.csv,Pcap_Files__NormalData37_part004.csv,NORMAL,NONE,NORMAL,NORMAL,NormalData37,100000,35,23802477,normal,False
C:\Users\Lenovo legion 5\Downloads\data\DoS-DDoS-MQTT-IoT_Dataset\NormalData\CSV_Extracted_Split\Pcap_Files__NormalData37_part005.csv,Pcap_Files__NormalData37_part005.csv,NORMAL,NONE,NORMAL,NORMAL,NormalData37,90784,35,21681746,normal,False
C:\Users\Lenovo legion 5\Downloads\data\DoS-DDoS-MQTT-IoT_Dataset\NormalData\CSV_Extracted_Split\Pcap_Files__NormalData38_part001.csv,Pcap_Files__NormalData38_part001.csv,NORMAL,NONE,NORMAL,NORMAL,NormalData38,100000,35,23340813,normal,False
C:\Users\Lenovo legion 5\Downloads\data\DoS-DDoS-MQTT-IoT_Dataset\NormalData\CSV_Extracted_Split\Pcap_Files__NormalData38_part002.csv,Pcap_Files__NormalData38_part002.csv,NORMAL,NONE,NORMAL,NORMAL,NormalData38,100000,35,23805398,normal,False
C:\Users\Lenovo legion 5\Downloads\data\DoS-DDoS-MQTT-IoT_Dataset\NormalData\CSV_Extracted_Split\Pcap_Files__NormalData38_part003.csv,Pcap_Files__NormalData38_part003.csv,NORMAL,NONE,NORMAL,NORMAL,NormalData38,100000,35,23906329,normal,False
C:\Users\Lenovo legion 5\Downloads\data\DoS-DDoS-MQTT-IoT_Dataset\NormalData\CSV_Extracted_Split\Pcap_Files__NormalData38_part004.csv,Pcap_Files__NormalData38_part004.csv,NORMAL,NONE,NORMAL,NORMAL,NormalData38,100000,35,23865386,normal,False
C:\Users\Lenovo legion 5\Downloads\data\DoS-DDoS-MQTT-IoT_Dataset\NormalData\CSV_Extracted_Split\Pcap_Files__NormalData38_part005.csv,Pcap_Files__NormalData38_part005.csv,NORMAL,NONE,NORMAL,NORMAL,NormalData38,89612,35,21435675,normal,False
C:\Users\Lenovo legion 5\Downloads\data\DoS-DDoS-MQTT-IoT_Dataset\NormalData\CSV_Extracted_Split\Pcap_Files__NormalData39_part001.csv,Pcap_Files__NormalData39_part001.csv,NORMAL,NONE,NORMAL,NORMAL,NormalData39,100000,35,23413069,normal,False
C:\Users\Lenovo legion 5\Downloads\data\DoS-DDoS-MQTT-IoT_Dataset\NormalData\CSV_Extracted_Split\Pcap_Files__NormalData39_part002.csv,Pcap_Files__NormalData39_part002.csv,NORMAL,NONE,NORMAL,NORMAL,NormalData39,100000,35,23738654,normal,False
C:\Users\Lenovo legion 5\Downloads\data\DoS-DDoS-MQTT-IoT_Dataset\NormalData\CSV_Extracted_Split\Pcap_Files__NormalData39_part003.csv,Pcap_Files__NormalData39_part003.csv,NORMAL,NONE,NORMAL,NORMAL,NormalData39,100000,35,23807104,normal,False
C:\Users\Lenovo legion 5\Downloads\data\DoS-DDoS-MQTT-IoT_Dataset\NormalData\CSV_Extracted_Split\Pcap_Files__NormalData39_part004.csv,Pcap_Files__NormalData39_part004.csv,NORMAL,NONE,NORMAL,NORMAL,NormalData39,100000,35,23846192,normal,False
C:\Users\Lenovo legion 5\Downloads\data\DoS-DDoS-MQTT-IoT_Dataset\NormalData\CSV_Extracted_Split\Pcap_Files__NormalData39_part005.csv,Pcap_Files__NormalData39_part005.csv,NORMAL,NONE,NORMAL,NORMAL,NormalData39,90472,35,21566473,normal,False
C:\Users\Lenovo legion 5\Downloads\data\DoS-DDoS-MQTT-IoT_Dataset\NormalData\CSV_Extracted_Split\Pcap_Files__NormalData3_part001.csv,Pcap_Files__NormalData3_part001.csv,NORMAL,NONE,NORMAL,NORMAL,NormalData3,100000,35,23382256,normal,False
C:\Users\Lenovo legion 5\Downloads\data\DoS-DDoS-MQTT-IoT_Dataset\NormalData\CSV_Extracted_Split\Pcap_Files__NormalData3_part002.csv,Pcap_Files__NormalData3_part002.csv,NORMAL,NONE,NORMAL,NORMAL,NormalData3,100000,35,23677866,normal,False
C:\Users\Lenovo legion 5\Downloads\data\DoS-DDoS-MQTT-IoT_Dataset\NormalData\CSV_Extracted_Split\Pcap_Files__NormalData3_part003.csv,Pcap_Files__NormalData3_part003.csv,NORMAL,NONE,NORMAL,NORMAL,NormalData3,100000,35,23623267,normal,False
C:\Users\Lenovo legion 5\Downloads\data\DoS-DDoS-MQTT-IoT_Dataset\NormalData\CSV_Extracted_Split\Pcap_Files__NormalData3_part004.csv,Pcap_Files__NormalData3_part004.csv,NORMAL,NONE,NORMAL,NORMAL,NormalData3,100000,35,23711466,normal,False
C:\Users\Lenovo legion 5\Downloads\data\DoS-DDoS-MQTT-IoT_Dataset\NormalData\CSV_Extracted_Split\Pcap_Files__NormalData3_part005.csv,Pcap_Files__NormalData3_part005.csv,NORMAL,NONE,NORMAL,NORMAL,NormalData3,100000,35,23711656,normal,False
C:\Users\Lenovo legion 5\Downloads\data\DoS-DDoS-MQTT-IoT_Dataset\NormalData\CSV_Extracted_Split\Pcap_Files__NormalData3_part006.csv,Pcap_Files__NormalData3_part006.csv,NORMAL,NONE,NORMAL,NORMAL,NormalData3,100000,35,23716450,normal,False
C:\Users\Lenovo legion 5\Downloads\data\DoS-DDoS-MQTT-IoT_Dataset\NormalData\CSV_Extracted_Split\Pcap_Files__NormalData3_part007.csv,Pcap_Files__NormalData3_part007.csv,NORMAL,NONE,NORMAL,NORMAL,NormalData3,100000,35,23747525,normal,False
C:\Users\Lenovo legion 5\Downloads\data\DoS-DDoS-MQTT-IoT_Dataset\NormalData\CSV_Extracted_Split\Pcap_Files__NormalData3_part008.csv,Pcap_Files__NormalData3_part008.csv,NORMAL,NONE,NORMAL,NORMAL,NormalData3,100000,35,23697617,normal,False
C:\Users\Lenovo legion 5\Downloads\data\DoS-DDoS-MQTT-IoT_Dataset\NormalData\CSV_Extracted_Split\Pcap_Files__NormalData3_part009.csv,Pcap_Files__NormalData3_part009.csv,NORMAL,NONE,NORMAL,NORMAL,NormalData3,100000,35,23734569,normal,False
C:\Users\Lenovo legion 5\Downloads\data\DoS-DDoS-MQTT-IoT_Dataset\NormalData\CSV_Extracted_Split\Pcap_Files__NormalData3_part010.csv,Pcap_Files__NormalData3_part010.csv,NORMAL,NONE,NORMAL,NORMAL,NormalData3,100000,35,23825234,normal,False
C:\Users\Lenovo legion 5\Downloads\data\DoS-DDoS-MQTT-IoT_Dataset\NormalData\CSV_Extracted_Split\Pcap_Files__NormalData3_part011.csv,Pcap_Files__NormalData3_part011.csv,NORMAL,NONE,NORMAL,NORMAL,NormalData3,100000,35,23893438,normal,False
C:\Users\Lenovo legion 5\Downloads\data\DoS-DDoS-MQTT-IoT_Dataset\NormalData\CSV_Extracted_Split\Pcap_Files__NormalData3_part012.csv,Pcap_Files__NormalData3_part012.csv,NORMAL,NONE,NORMAL,NORMAL,NormalData3,100000,35,23905820,normal,False
C:\Users\Lenovo legion 5\Downloads\data\DoS-DDoS-MQTT-IoT_Dataset\NormalData\CSV_Extracted_Split\Pcap_Files__NormalData3_part013.csv,Pcap_Files__NormalData3_part013.csv,NORMAL,NONE,NORMAL,NORMAL,NormalData3,100000,35,23963703,normal,False
C:\Users\Lenovo legion 5\Downloads\data\DoS-DDoS-MQTT-IoT_Dataset\NormalData\CSV_Extracted_Split\Pcap_Files__NormalData3_part014.csv,Pcap_Files__NormalData3_part014.csv,NORMAL,NONE,NORMAL,NORMAL,NormalData3,100000,35,24150250,normal,False
C:\Users\Lenovo legion 5\Downloads\data\DoS-DDoS-MQTT-IoT_Dataset\NormalData\CSV_Extracted_Split\Pcap_Files__NormalData3_part015.csv,Pcap_Files__NormalData3_part015.csv,NORMAL,NONE,NORMAL,NORMAL,NormalData3,100000,35,24107431,normal,False
C:\Users\Lenovo legion 5\Downloads\data\DoS-DDoS-MQTT-IoT_Dataset\NormalData\CSV_Extracted_Split\Pcap_Files__NormalData3_part016.csv,Pcap_Files__NormalData3_part016.csv,NORMAL,NONE,NORMAL,NORMAL,NormalData3,100000,35,24099336,normal,False
C:\Users\Lenovo legion 5\Downloads\data\DoS-DDoS-MQTT-IoT_Dataset\NormalData\CSV_Extracted_Split\Pcap_Files__NormalData3_part017.csv,Pcap_Files__NormalData3_part017.csv,NORMAL,NONE,NORMAL,NORMAL,NormalData3,100000,35,24020376,normal,False
C:\Users\Lenovo legion 5\Downloads\data\DoS-DDoS-MQTT-IoT_Dataset\NormalData\CSV_Extracted_Split\Pcap_Files__NormalData3_part018.csv,Pcap_Files__NormalData3_part018.csv,NORMAL,NONE,NORMAL,NORMAL,NormalData3,100000,35,24004047,normal,False
C:\Users\Lenovo legion 5\Downloads\data\DoS-DDoS-MQTT-IoT_Dataset\NormalData\CSV_Extracted_Split\Pcap_Files__NormalData3_part019.csv,Pcap_Files__NormalData3_part019.csv,NORMAL,NONE,NORMAL,NORMAL,NormalData3,100000,35,24044571,normal,False
C:\Users\Lenovo legion 5\Downloads\data\DoS-DDoS-MQTT-IoT_Dataset\NormalData\CSV_Extracted_Split\Pcap_Files__NormalData3_part020.csv,Pcap_Files__NormalData3_part020.csv,NORMAL,NONE,NORMAL,NORMAL,NormalData3,61654,35,14957345,normal,False
C:\Users\Lenovo legion 5\Downloads\data\DoS-DDoS-MQTT-IoT_Dataset\NormalData\CSV_Extracted_Split\Pcap_Files__NormalData41_part001.csv,Pcap_Files__NormalData41_part001.csv,NORMAL,NONE,NORMAL,NORMAL,NormalData41,100000,35,52522022,normal,False
C:\Users\Lenovo legion 5\Downloads\data\DoS-DDoS-MQTT-IoT_Dataset\NormalData\CSV_Extracted_Split\Pcap_Files__NormalData41_part002.csv,Pcap_Files__NormalData41_part002.csv,NORMAL,NONE,NORMAL,NORMAL,NormalData41,45365,35,19948637,normal,False
C:\Users\Lenovo legion 5\Downloads\data\DoS-DDoS-MQTT-IoT_Dataset\NormalData\CSV_Extracted_Split\Pcap_Files__NormalData42_part001.csv,Pcap_Files__NormalData42_part001.csv,NORMAL,NONE,NORMAL,NORMAL,NormalData42,100000,35,48975782,normal,False
C:\Users\Lenovo legion 5\Downloads\data\DoS-DDoS-MQTT-IoT_Dataset\NormalData\CSV_Extracted_Split\Pcap_Files__NormalData42_part002.csv,Pcap_Files__NormalData42_part002.csv,NORMAL,NONE,NORMAL,NORMAL,NormalData42,39482,35,22527350,normal,False
C:\Users\Lenovo legion 5\Downloads\data\DoS-DDoS-MQTT-IoT_Dataset\NormalData\CSV_Extracted_Split\Pcap_Files__NormalData43_part001.csv,Pcap_Files__NormalData43_part001.csv,NORMAL,NONE,NORMAL,NORMAL,NormalData43,100000,35,47093433,normal,False
C:\Users\Lenovo legion 5\Downloads\data\DoS-DDoS-MQTT-IoT_Dataset\NormalData\CSV_Extracted_Split\Pcap_Files__NormalData43_part002.csv,Pcap_Files__NormalData43_part002.csv,NORMAL,NONE,NORMAL,NORMAL,NormalData43,51845,35,27083965,normal,False
C:\Users\Lenovo legion 5\Downloads\data\DoS-DDoS-MQTT-IoT_Dataset\NormalData\CSV_Extracted_Split\Pcap_Files__NormalData44_part001.csv,Pcap_Files__NormalData44_part001.csv,NORMAL,NONE,NORMAL,NORMAL,NormalData44,100000,35,52001240,normal,False
C:\Users\Lenovo legion 5\Downloads\data\DoS-DDoS-MQTT-IoT_Dataset\NormalData\CSV_Extracted_Split\Pcap_Files__NormalData44_part002.csv,Pcap_Files__NormalData44_part002.csv,NORMAL,NONE,NORMAL,NORMAL,NormalData44,38430,35,21397847,normal,False
C:\Users\Lenovo legion 5\Downloads\data\DoS-DDoS-MQTT-IoT_Dataset\NormalData\CSV_Extracted_Split\Pcap_Files__NormalData45_part001.csv,Pcap_Files__NormalData45_part001.csv,NORMAL,NONE,NORMAL,NORMAL,NormalData45,100000,35,43620956,normal,False
C:\Users\Lenovo legion 5\Downloads\data\DoS-DDoS-MQTT-IoT_Dataset\NormalData\CSV_Extracted_Split\Pcap_Files__NormalData45_part002.csv,Pcap_Files__NormalData45_part002.csv,NORMAL,NONE,NORMAL,NORMAL,NormalData45,55992,35,30618431,normal,False
C:\Users\Lenovo legion 5\Downloads\data\DoS-DDoS-MQTT-IoT_Dataset\NormalData\CSV_Extracted_Split\Pcap_Files__NormalData46_part001.csv,Pcap_Files__NormalData46_part001.csv,NORMAL,NONE,NORMAL,NORMAL,NormalData46,100000,35,53372207,normal,False
C:\Users\Lenovo legion 5\Downloads\data\DoS-DDoS-MQTT-IoT_Dataset\NormalData\CSV_Extracted_Split\Pcap_Files__NormalData46_part002.csv,Pcap_Files__NormalData46_part002.csv,NORMAL,NONE,NORMAL,NORMAL,NormalData46,37699,35,19507876,normal,False
C:\Users\Lenovo legion 5\Downloads\data\DoS-DDoS-MQTT-IoT_Dataset\NormalData\CSV_Extracted_Split\Pcap_Files__NormalData47_part001.csv,Pcap_Files__NormalData47_part001.csv,NORMAL,NONE,NORMAL,NORMAL,NormalData47,100000,35,50291757,normal,False
C:\Users\Lenovo legion 5\Downloads\data\DoS-DDoS-MQTT-IoT_Dataset\NormalData\CSV_Extracted_Split\Pcap_Files__NormalData47_part002.csv,Pcap_Files__NormalData47_part002.csv,NORMAL,NONE,NORMAL,NORMAL,NormalData47,41179,35,22413087,normal,False
C:\Users\Lenovo legion 5\Downloads\data\DoS-DDoS-MQTT-IoT_Dataset\NormalData\CSV_Extracted_Split\Pcap_Files__NormalData48_part001.csv,Pcap_Files__NormalData48_part001.csv,NORMAL,NONE,NORMAL,NORMAL,NormalData48,100000,35,49606452,normal,False
C:\Users\Lenovo legion 5\Downloads\data\DoS-DDoS-MQTT-IoT_Dataset\NormalData\CSV_Extracted_Split\Pcap_Files__NormalData48_part002.csv,Pcap_Files__NormalData48_part002.csv,NORMAL,NONE,NORMAL,NORMAL,NormalData48,44216,35,24878286,normal,False
C:\Users\Lenovo legion 5\Downloads\data\DoS-DDoS-MQTT-IoT_Dataset\NormalData\CSV_Extracted_Split\Pcap_Files__NormalData49_part001.csv,Pcap_Files__NormalData49_part001.csv,NORMAL,NONE,NORMAL,NORMAL,NormalData49,100000,35,49408590,normal,False
C:\Users\Lenovo legion 5\Downloads\data\DoS-DDoS-MQTT-IoT_Dataset\NormalData\CSV_Extracted_Split\Pcap_Files__NormalData49_part002.csv,Pcap_Files__NormalData49_part002.csv,NORMAL,NONE,NORMAL,NORMAL,NormalData49,59033,35,25786653,normal,False
C:\Users\Lenovo legion 5\Downloads\data\DoS-DDoS-MQTT-IoT_Dataset\NormalData\CSV_Extracted_Split\Pcap_Files__NormalData4_part001.csv,Pcap_Files__NormalData4_part001.csv,NORMAL,NONE,NORMAL,NORMAL,NormalData4,100000,35,23338931,normal,False
C:\Users\Lenovo legion 5\Downloads\data\DoS-DDoS-MQTT-IoT_Dataset\NormalData\CSV_Extracted_Split\Pcap_Files__NormalData4_part002.csv,Pcap_Files__NormalData4_part002.csv,NORMAL,NONE,NORMAL,NORMAL,NormalData4,100000,35,23578013,normal,False
C:\Users\Lenovo legion 5\Downloads\data\DoS-DDoS-MQTT-IoT_Dataset\NormalData\CSV_Extracted_Split\Pcap_Files__NormalData4_part003.csv,Pcap_Files__NormalData4_part003.csv,NORMAL,NONE,NORMAL,NORMAL,NormalData4,100000,35,23710537,normal,False
C:\Users\Lenovo legion 5\Downloads\data\DoS-DDoS-MQTT-IoT_Dataset\NormalData\CSV_Extracted_Split\Pcap_Files__NormalData4_part004.csv,Pcap_Files__NormalData4_part004.csv,NORMAL,NONE,NORMAL,NORMAL,NormalData4,100000,35,23718236,normal,False
C:\Users\Lenovo legion 5\Downloads\data\DoS-DDoS-MQTT-IoT_Dataset\NormalData\CSV_Extracted_Split\Pcap_Files__NormalData4_part005.csv,Pcap_Files__NormalData4_part005.csv,NORMAL,NONE,NORMAL,NORMAL,NormalData4,100000,35,23738635,normal,False
C:\Users\Lenovo legion 5\Downloads\data\DoS-DDoS-MQTT-IoT_Dataset\NormalData\CSV_Extracted_Split\Pcap_Files__NormalData4_part006.csv,Pcap_Files__NormalData4_part006.csv,NORMAL,NONE,NORMAL,NORMAL,NormalData4,100000,35,23719253,normal,False
C:\Users\Lenovo legion 5\Downloads\data\DoS-DDoS-MQTT-IoT_Dataset\NormalData\CSV_Extracted_Split\Pcap_Files__NormalData4_part007.csv,Pcap_Files__NormalData4_part007.csv,NORMAL,NONE,NORMAL,NORMAL,NormalData4,100000,35,23661136,normal,False
C:\Users\Lenovo legion 5\Downloads\data\DoS-DDoS-MQTT-IoT_Dataset\NormalData\CSV_Extracted_Split\Pcap_Files__NormalData4_part008.csv,Pcap_Files__NormalData4_part008.csv,NORMAL,NONE,NORMAL,NORMAL,NormalData4,100000,35,23857703,normal,False
C:\Users\Lenovo legion 5\Downloads\data\DoS-DDoS-MQTT-IoT_Dataset\NormalData\CSV_Extracted_Split\Pcap_Files__NormalData4_part009.csv,Pcap_Files__NormalData4_part009.csv,NORMAL,NONE,NORMAL,NORMAL,NormalData4,100000,35,23707697,normal,False
C:\Users\Lenovo legion 5\Downloads\data\DoS-DDoS-MQTT-IoT_Dataset\NormalData\CSV_Extracted_Split\Pcap_Files__NormalData4_part010.csv,Pcap_Files__NormalData4_part010.csv,NORMAL,NONE,NORMAL,NORMAL,NormalData4,100000,35,23846568,normal,False
C:\Users\Lenovo legion 5\Downloads\data\DoS-DDoS-MQTT-IoT_Dataset\NormalData\CSV_Extracted_Split\Pcap_Files__NormalData4_part011.csv,Pcap_Files__NormalData4_part011.csv,NORMAL,NONE,NORMAL,NORMAL,NormalData4,100000,35,23916149,normal,False
C:\Users\Lenovo legion 5\Downloads\data\DoS-DDoS-MQTT-IoT_Dataset\NormalData\CSV_Extracted_Split\Pcap_Files__NormalData4_part012.csv,Pcap_Files__NormalData4_part012.csv,NORMAL,NONE,NORMAL,NORMAL,NormalData4,100000,35,23834929,normal,False
C:\Users\Lenovo legion 5\Downloads\data\DoS-DDoS-MQTT-IoT_Dataset\NormalData\CSV_Extracted_Split\Pcap_Files__NormalData4_part013.csv,Pcap_Files__NormalData4_part013.csv,NORMAL,NONE,NORMAL,NORMAL,NormalData4,100000,35,24043192,normal,False
C:\Users\Lenovo legion 5\Downloads\data\DoS-DDoS-MQTT-IoT_Dataset\NormalData\CSV_Extracted_Split\Pcap_Files__NormalData4_part014.csv,Pcap_Files__NormalData4_part014.csv,NORMAL,NONE,NORMAL,NORMAL,NormalData4,100000,35,24064109,normal,False
C:\Users\Lenovo legion 5\Downloads\data\DoS-DDoS-MQTT-IoT_Dataset\NormalData\CSV_Extracted_Split\Pcap_Files__NormalData4_part015.csv,Pcap_Files__NormalData4_part015.csv,NORMAL,NONE,NORMAL,NORMAL,NormalData4,100000,35,24076068,normal,False
C:\Users\Lenovo legion 5\Downloads\data\DoS-DDoS-MQTT-IoT_Dataset\NormalData\CSV_Extracted_Split\Pcap_Files__NormalData4_part016.csv,Pcap_Files__NormalData4_part016.csv,NORMAL,NONE,NORMAL,NORMAL,NormalData4,100000,35,24066405,normal,False
C:\Users\Lenovo legion 5\Downloads\data\DoS-DDoS-MQTT-IoT_Dataset\NormalData\CSV_Extracted_Split\Pcap_Files__NormalData4_part017.csv,Pcap_Files__NormalData4_part017.csv,NORMAL,NONE,NORMAL,NORMAL,NormalData4,100000,35,24009138,normal,False
C:\Users\Lenovo legion 5\Downloads\data\DoS-DDoS-MQTT-IoT_Dataset\NormalData\CSV_Extracted_Split\Pcap_Files__NormalData4_part018.csv,Pcap_Files__NormalData4_part018.csv,NORMAL,NONE,NORMAL,NORMAL,NormalData4,100000,35,24097250,normal,False
C:\Users\Lenovo legion 5\Downloads\data\DoS-DDoS-MQTT-IoT_Dataset\NormalData\CSV_Extracted_Split\Pcap_Files__NormalData4_part019.csv,Pcap_Files__NormalData4_part019.csv,NORMAL,NONE,NORMAL,NORMAL,NormalData4,100000,35,24227599,normal,False
C:\Users\Lenovo legion 5\Downloads\data\DoS-DDoS-MQTT-IoT_Dataset\NormalData\CSV_Extracted_Split\Pcap_Files__NormalData4_part020.csv,Pcap_Files__NormalData4_part020.csv,NORMAL,NONE,NORMAL,NORMAL,NormalData4,60174,35,14521910,normal,False
C:\Users\Lenovo legion 5\Downloads\data\DoS-DDoS-MQTT-IoT_Dataset\NormalData\CSV_Extracted_Split\Pcap_Files__NormalData50_part001.csv,Pcap_Files__NormalData50_part001.csv,NORMAL,NONE,NORMAL,NORMAL,NormalData50,100000,35,34093538,normal,False
C:\Users\Lenovo legion 5\Downloads\data\DoS-DDoS-MQTT-IoT_Dataset\NormalData\CSV_Extracted_Split\Pcap_Files__NormalData50_part002.csv,Pcap_Files__NormalData50_part002.csv,NORMAL,NONE,NORMAL,NORMAL,NormalData50,100000,35,34867404,normal,False
C:\Users\Lenovo legion 5\Downloads\data\DoS-DDoS-MQTT-IoT_Dataset\NormalData\CSV_Extracted_Split\Pcap_Files__NormalData50_part003.csv,Pcap_Files__NormalData50_part003.csv,NORMAL,NONE,NORMAL,NORMAL,NormalData50,57818,35,19469608,normal,False
C:\Users\Lenovo legion 5\Downloads\data\DoS-DDoS-MQTT-IoT_Dataset\NormalData\CSV_Extracted_Split\Pcap_Files__NormalData5_part001.csv,Pcap_Files__NormalData5_part001.csv,NORMAL,NONE,NORMAL,NORMAL,NormalData5,100000,35,23241261,normal,False
C:\Users\Lenovo legion 5\Downloads\data\DoS-DDoS-MQTT-IoT_Dataset\NormalData\CSV_Extracted_Split\Pcap_Files__NormalData5_part002.csv,Pcap_Files__NormalData5_part002.csv,NORMAL,NONE,NORMAL,NORMAL,NormalData5,100000,35,23702128,normal,False
C:\Users\Lenovo legion 5\Downloads\data\DoS-DDoS-MQTT-IoT_Dataset\NormalData\CSV_Extracted_Split\Pcap_Files__NormalData5_part003.csv,Pcap_Files__NormalData5_part003.csv,NORMAL,NONE,NORMAL,NORMAL,NormalData5,100000,35,23824817,normal,False
C:\Users\Lenovo legion 5\Downloads\data\DoS-DDoS-MQTT-IoT_Dataset\NormalData\CSV_Extracted_Split\Pcap_Files__NormalData5_part004.csv,Pcap_Files__NormalData5_part004.csv,NORMAL,NONE,NORMAL,NORMAL,NormalData5,100000,35,23706165,normal,False
C:\Users\Lenovo legion 5\Downloads\data\DoS-DDoS-MQTT-IoT_Dataset\NormalData\CSV_Extracted_Split\Pcap_Files__NormalData5_part005.csv,Pcap_Files__NormalData5_part005.csv,NORMAL,NONE,NORMAL,NORMAL,NormalData5,100000,35,23705568,normal,False
C:\Users\Lenovo legion 5\Downloads\data\DoS-DDoS-MQTT-IoT_Dataset\NormalData\CSV_Extracted_Split\Pcap_Files__NormalData5_part006.csv,Pcap_Files__NormalData5_part006.csv,NORMAL,NONE,NORMAL,NORMAL,NormalData5,100000,35,23715407,normal,False
C:\Users\Lenovo legion 5\Downloads\data\DoS-DDoS-MQTT-IoT_Dataset\NormalData\CSV_Extracted_Split\Pcap_Files__NormalData5_part007.csv,Pcap_Files__NormalData5_part007.csv,NORMAL,NONE,NORMAL,NORMAL,NormalData5,100000,35,23786302,normal,False
C:\Users\Lenovo legion 5\Downloads\data\DoS-DDoS-MQTT-IoT_Dataset\NormalData\CSV_Extracted_Split\Pcap_Files__NormalData5_part008.csv,Pcap_Files__NormalData5_part008.csv,NORMAL,NONE,NORMAL,NORMAL,NormalData5,100000,35,23733245,normal,False
C:\Users\Lenovo legion 5\Downloads\data\DoS-DDoS-MQTT-IoT_Dataset\NormalData\CSV_Extracted_Split\Pcap_Files__NormalData5_part009.csv,Pcap_Files__NormalData5_part009.csv,NORMAL,NONE,NORMAL,NORMAL,NormalData5,100000,35,23684379,normal,False
C:\Users\Lenovo legion 5\Downloads\data\DoS-DDoS-MQTT-IoT_Dataset\NormalData\CSV_Extracted_Split\Pcap_Files__NormalData5_part010.csv,Pcap_Files__NormalData5_part010.csv,NORMAL,NONE,NORMAL,NORMAL,NormalData5,100000,35,23697439,normal,False
C:\Users\Lenovo legion 5\Downloads\data\DoS-DDoS-MQTT-IoT_Dataset\NormalData\CSV_Extracted_Split\Pcap_Files__NormalData5_part011.csv,Pcap_Files__NormalData5_part011.csv,NORMAL,NONE,NORMAL,NORMAL,NormalData5,100000,35,23833790,normal,False
C:\Users\Lenovo legion 5\Downloads\data\DoS-DDoS-MQTT-IoT_Dataset\NormalData\CSV_Extracted_Split\Pcap_Files__NormalData5_part012.csv,Pcap_Files__NormalData5_part012.csv,NORMAL,NONE,NORMAL,NORMAL,NormalData5,100000,35,23939779,normal,False
C:\Users\Lenovo legion 5\Downloads\data\DoS-DDoS-MQTT-IoT_Dataset\NormalData\CSV_Extracted_Split\Pcap_Files__NormalData5_part013.csv,Pcap_Files__NormalData5_part013.csv,NORMAL,NONE,NORMAL,NORMAL,NormalData5,100000,35,24034117,normal,False
C:\Users\Lenovo legion 5\Downloads\data\DoS-DDoS-MQTT-IoT_Dataset\NormalData\CSV_Extracted_Split\Pcap_Files__NormalData5_part014.csv,Pcap_Files__NormalData5_part014.csv,NORMAL,NONE,NORMAL,NORMAL,NormalData5,100000,35,24114898,normal,False
C:\Users\Lenovo legion 5\Downloads\data\DoS-DDoS-MQTT-IoT_Dataset\NormalData\CSV_Extracted_Split\Pcap_Files__NormalData5_part015.csv,Pcap_Files__NormalData5_part015.csv,NORMAL,NONE,NORMAL,NORMAL,NormalData5,100000,35,24072472,normal,False
C:\Users\Lenovo legion 5\Downloads\data\DoS-DDoS-MQTT-IoT_Dataset\NormalData\CSV_Extracted_Split\Pcap_Files__NormalData5_part016.csv,Pcap_Files__NormalData5_part016.csv,NORMAL,NONE,NORMAL,NORMAL,NormalData5,100000,35,24046576,normal,False
C:\Users\Lenovo legion 5\Downloads\data\DoS-DDoS-MQTT-IoT_Dataset\NormalData\CSV_Extracted_Split\Pcap_Files__NormalData5_part017.csv,Pcap_Files__NormalData5_part017.csv,NORMAL,NONE,NORMAL,NORMAL,NormalData5,100000,35,24078145,normal,False
C:\Users\Lenovo legion 5\Downloads\data\DoS-DDoS-MQTT-IoT_Dataset\NormalData\CSV_Extracted_Split\Pcap_Files__NormalData5_part018.csv,Pcap_Files__NormalData5_part018.csv,NORMAL,NONE,NORMAL,NORMAL,NormalData5,100000,35,24106316,normal,False
C:\Users\Lenovo legion 5\Downloads\data\DoS-DDoS-MQTT-IoT_Dataset\NormalData\CSV_Extracted_Split\Pcap_Files__NormalData5_part019.csv,Pcap_Files__NormalData5_part019.csv,NORMAL,NONE,NORMAL,NORMAL,NormalData5,100000,35,24193892,normal,False
C:\Users\Lenovo legion 5\Downloads\data\DoS-DDoS-MQTT-IoT_Dataset\NormalData\CSV_Extracted_Split\Pcap_Files__NormalData5_part020.csv,Pcap_Files__NormalData5_part020.csv,NORMAL,NONE,NORMAL,NORMAL,NormalData5,60105,35,14487491,normal,False
C:\Users\Lenovo legion 5\Downloads\data\DoS-DDoS-MQTT-IoT_Dataset\NormalData\CSV_Extracted_Split\Pcap_Files__NormalData6_part001.csv,Pcap_Files__NormalData6_part001.csv,NORMAL,NONE,NORMAL,NORMAL,NormalData6,100000,35,23268720,normal,False
C:\Users\Lenovo legion 5\Downloads\data\DoS-DDoS-MQTT-IoT_Dataset\NormalData\CSV_Extracted_Split\Pcap_Files__NormalData6_part002.csv,Pcap_Files__NormalData6_part002.csv,NORMAL,NONE,NORMAL,NORMAL,NormalData6,100000,35,23820586,normal,False
C:\Users\Lenovo legion 5\Downloads\data\DoS-DDoS-MQTT-IoT_Dataset\NormalData\CSV_Extracted_Split\Pcap_Files__NormalData6_part003.csv,Pcap_Files__NormalData6_part003.csv,NORMAL,NONE,NORMAL,NORMAL,NormalData6,100000,35,23737993,normal,False
C:\Users\Lenovo legion 5\Downloads\data\DoS-DDoS-MQTT-IoT_Dataset\NormalData\CSV_Extracted_Split\Pcap_Files__NormalData6_part004.csv,Pcap_Files__NormalData6_part004.csv,NORMAL,NONE,NORMAL,NORMAL,NormalData6,100000,35,23759974,normal,False
C:\Users\Lenovo legion 5\Downloads\data\DoS-DDoS-MQTT-IoT_Dataset\NormalData\CSV_Extracted_Split\Pcap_Files__NormalData6_part005.csv,Pcap_Files__NormalData6_part005.csv,NORMAL,NONE,NORMAL,NORMAL,NormalData6,100000,35,23760632,normal,False
C:\Users\Lenovo legion 5\Downloads\data\DoS-DDoS-MQTT-IoT_Dataset\NormalData\CSV_Extracted_Split\Pcap_Files__NormalData6_part006.csv,Pcap_Files__NormalData6_part006.csv,NORMAL,NONE,NORMAL,NORMAL,NormalData6,100000,35,23811251,normal,False
C:\Users\Lenovo legion 5\Downloads\data\DoS-DDoS-MQTT-IoT_Dataset\NormalData\CSV_Extracted_Split\Pcap_Files__NormalData6_part007.csv,Pcap_Files__NormalData6_part007.csv,NORMAL,NONE,NORMAL,NORMAL,NormalData6,100000,35,23674187,normal,False
C:\Users\Lenovo legion 5\Downloads\data\DoS-DDoS-MQTT-IoT_Dataset\NormalData\CSV_Extracted_Split\Pcap_Files__NormalData6_part008.csv,Pcap_Files__NormalData6_part008.csv,NORMAL,NONE,NORMAL,NORMAL,NormalData6,100000,35,23792866,normal,False
C:\Users\Lenovo legion 5\Downloads\data\DoS-DDoS-MQTT-IoT_Dataset\NormalData\CSV_Extracted_Split\Pcap_Files__NormalData6_part009.csv,Pcap_Files__NormalData6_part009.csv,NORMAL,NONE,NORMAL,NORMAL,NormalData6,100000,35,23648786,normal,False
C:\Users\Lenovo legion 5\Downloads\data\DoS-DDoS-MQTT-IoT_Dataset\NormalData\CSV_Extracted_Split\Pcap_Files__NormalData6_part010.csv,Pcap_Files__NormalData6_part010.csv,NORMAL,NONE,NORMAL,NORMAL,NormalData6,100000,35,23853328,normal,False
C:\Users\Lenovo legion 5\Downloads\data\DoS-DDoS-MQTT-IoT_Dataset\NormalData\CSV_Extracted_Split\Pcap_Files__NormalData6_part011.csv,Pcap_Files__NormalData6_part011.csv,NORMAL,NONE,NORMAL,NORMAL,NormalData6,100000,35,23920258,normal,False
C:\Users\Lenovo legion 5\Downloads\data\DoS-DDoS-MQTT-IoT_Dataset\NormalData\CSV_Extracted_Split\Pcap_Files__NormalData6_part012.csv,Pcap_Files__NormalData6_part012.csv,NORMAL,NONE,NORMAL,NORMAL,NormalData6,100000,35,23974841,normal,False
C:\Users\Lenovo legion 5\Downloads\data\DoS-DDoS-MQTT-IoT_Dataset\NormalData\CSV_Extracted_Split\Pcap_Files__NormalData6_part013.csv,Pcap_Files__NormalData6_part013.csv,NORMAL,NONE,NORMAL,NORMAL,NormalData6,100000,35,24214900,normal,False
C:\Users\Lenovo legion 5\Downloads\data\DoS-DDoS-MQTT-IoT_Dataset\NormalData\CSV_Extracted_Split\Pcap_Files__NormalData6_part014.csv,Pcap_Files__NormalData6_part014.csv,NORMAL,NONE,NORMAL,NORMAL,NormalData6,100000,35,24005686,normal,False
C:\Users\Lenovo legion 5\Downloads\data\DoS-DDoS-MQTT-IoT_Dataset\NormalData\CSV_Extracted_Split\Pcap_Files__NormalData6_part015.csv,Pcap_Files__NormalData6_part015.csv,NORMAL,NONE,NORMAL,NORMAL,NormalData6,100000,35,24109355,normal,False
C:\Users\Lenovo legion 5\Downloads\data\DoS-DDoS-MQTT-IoT_Dataset\NormalData\CSV_Extracted_Split\Pcap_Files__NormalData6_part016.csv,Pcap_Files__NormalData6_part016.csv,NORMAL,NONE,NORMAL,NORMAL,NormalData6,100000,35,24035487,normal,False
C:\Users\Lenovo legion 5\Downloads\data\DoS-DDoS-MQTT-IoT_Dataset\NormalData\CSV_Extracted_Split\Pcap_Files__NormalData6_part017.csv,Pcap_Files__NormalData6_part017.csv,NORMAL,NONE,NORMAL,NORMAL,NormalData6,100000,35,24079562,normal,False
C:\Users\Lenovo legion 5\Downloads\data\DoS-DDoS-MQTT-IoT_Dataset\NormalData\CSV_Extracted_Split\Pcap_Files__NormalData6_part018.csv,Pcap_Files__NormalData6_part018.csv,NORMAL,NONE,NORMAL,NORMAL,NormalData6,100000,35,24027880,normal,False
C:\Users\Lenovo legion 5\Downloads\data\DoS-DDoS-MQTT-IoT_Dataset\NormalData\CSV_Extracted_Split\Pcap_Files__NormalData6_part019.csv,Pcap_Files__NormalData6_part019.csv,NORMAL,NONE,NORMAL,NORMAL,NormalData6,100000,35,24100586,normal,False
C:\Users\Lenovo legion 5\Downloads\data\DoS-DDoS-MQTT-IoT_Dataset\NormalData\CSV_Extracted_Split\Pcap_Files__NormalData6_part020.csv,Pcap_Files__NormalData6_part020.csv,NORMAL,NONE,NORMAL,NORMAL,NormalData6,56844,35,13711754,normal,False
C:\Users\Lenovo legion 5\Downloads\data\DoS-DDoS-MQTT-IoT_Dataset\NormalData\CSV_Extracted_Split\Pcap_Files__NormalData7_part001.csv,Pcap_Files__NormalData7_part001.csv,NORMAL,NONE,NORMAL,NORMAL,NormalData7,100000,35,23386503,normal,False
C:\Users\Lenovo legion 5\Downloads\data\DoS-DDoS-MQTT-IoT_Dataset\NormalData\CSV_Extracted_Split\Pcap_Files__NormalData7_part002.csv,Pcap_Files__NormalData7_part002.csv,NORMAL,NONE,NORMAL,NORMAL,NormalData7,100000,35,23557647,normal,False
C:\Users\Lenovo legion 5\Downloads\data\DoS-DDoS-MQTT-IoT_Dataset\NormalData\CSV_Extracted_Split\Pcap_Files__NormalData7_part003.csv,Pcap_Files__NormalData7_part003.csv,NORMAL,NONE,NORMAL,NORMAL,NormalData7,100000,35,23638928,normal,False
C:\Users\Lenovo legion 5\Downloads\data\DoS-DDoS-MQTT-IoT_Dataset\NormalData\CSV_Extracted_Split\Pcap_Files__NormalData7_part004.csv,Pcap_Files__NormalData7_part004.csv,NORMAL,NONE,NORMAL,NORMAL,NormalData7,100000,35,23595798,normal,False
C:\Users\Lenovo legion 5\Downloads\data\DoS-DDoS-MQTT-IoT_Dataset\NormalData\CSV_Extracted_Split\Pcap_Files__NormalData7_part005.csv,Pcap_Files__NormalData7_part005.csv,NORMAL,NONE,NORMAL,NORMAL,NormalData7,100000,35,23686471,normal,False
C:\Users\Lenovo legion 5\Downloads\data\DoS-DDoS-MQTT-IoT_Dataset\NormalData\CSV_Extracted_Split\Pcap_Files__NormalData7_part006.csv,Pcap_Files__NormalData7_part006.csv,NORMAL,NONE,NORMAL,NORMAL,NormalData7,100000,35,23862918,normal,False
C:\Users\Lenovo legion 5\Downloads\data\DoS-DDoS-MQTT-IoT_Dataset\NormalData\CSV_Extracted_Split\Pcap_Files__NormalData7_part007.csv,Pcap_Files__NormalData7_part007.csv,NORMAL,NONE,NORMAL,NORMAL,NormalData7,100000,35,23720130,normal,False
C:\Users\Lenovo legion 5\Downloads\data\DoS-DDoS-MQTT-IoT_Dataset\NormalData\CSV_Extracted_Split\Pcap_Files__NormalData7_part008.csv,Pcap_Files__NormalData7_part008.csv,NORMAL,NONE,NORMAL,NORMAL,NormalData7,100000,35,23749797,normal,False
C:\Users\Lenovo legion 5\Downloads\data\DoS-DDoS-MQTT-IoT_Dataset\NormalData\CSV_Extracted_Split\Pcap_Files__NormalData7_part009.csv,Pcap_Files__NormalData7_part009.csv,NORMAL,NONE,NORMAL,NORMAL,NormalData7,100000,35,23775929,normal,False
C:\Users\Lenovo legion 5\Downloads\data\DoS-DDoS-MQTT-IoT_Dataset\NormalData\CSV_Extracted_Split\Pcap_Files__NormalData7_part010.csv,Pcap_Files__NormalData7_part010.csv,NORMAL,NONE,NORMAL,NORMAL,NormalData7,100000,35,23642709,normal,False
C:\Users\Lenovo legion 5\Downloads\data\DoS-DDoS-MQTT-IoT_Dataset\NormalData\CSV_Extracted_Split\Pcap_Files__NormalData7_part011.csv,Pcap_Files__NormalData7_part011.csv,NORMAL,NONE,NORMAL,NORMAL,NormalData7,100000,35,23780504,normal,False
C:\Users\Lenovo legion 5\Downloads\data\DoS-DDoS-MQTT-IoT_Dataset\NormalData\CSV_Extracted_Split\Pcap_Files__NormalData7_part012.csv,Pcap_Files__NormalData7_part012.csv,NORMAL,NONE,NORMAL,NORMAL,NormalData7,100000,35,23964442,normal,False
C:\Users\Lenovo legion 5\Downloads\data\DoS-DDoS-MQTT-IoT_Dataset\NormalData\CSV_Extracted_Split\Pcap_Files__NormalData7_part013.csv,Pcap_Files__NormalData7_part013.csv,NORMAL,NONE,NORMAL,NORMAL,NormalData7,100000,35,24116144,normal,False
C:\Users\Lenovo legion 5\Downloads\data\DoS-DDoS-MQTT-IoT_Dataset\NormalData\CSV_Extracted_Split\Pcap_Files__NormalData7_part014.csv,Pcap_Files__NormalData7_part014.csv,NORMAL,NONE,NORMAL,NORMAL,NormalData7,100000,35,24053715,normal,False
C:\Users\Lenovo legion 5\Downloads\data\DoS-DDoS-MQTT-IoT_Dataset\NormalData\CSV_Extracted_Split\Pcap_Files__NormalData7_part015.csv,Pcap_Files__NormalData7_part015.csv,NORMAL,NONE,NORMAL,NORMAL,NormalData7,100000,35,24074140,normal,False
C:\Users\Lenovo legion 5\Downloads\data\DoS-DDoS-MQTT-IoT_Dataset\NormalData\CSV_Extracted_Split\Pcap_Files__NormalData7_part016.csv,Pcap_Files__NormalData7_part016.csv,NORMAL,NONE,NORMAL,NORMAL,NormalData7,100000,35,24142147,normal,False
C:\Users\Lenovo legion 5\Downloads\data\DoS-DDoS-MQTT-IoT_Dataset\NormalData\CSV_Extracted_Split\Pcap_Files__NormalData7_part017.csv,Pcap_Files__NormalData7_part017.csv,NORMAL,NONE,NORMAL,NORMAL,NormalData7,100000,35,24166089,normal,False
C:\Users\Lenovo legion 5\Downloads\data\DoS-DDoS-MQTT-IoT_Dataset\NormalData\CSV_Extracted_Split\Pcap_Files__NormalData7_part018.csv,Pcap_Files__NormalData7_part018.csv,NORMAL,NONE,NORMAL,NORMAL,NormalData7,100000,35,24151790,normal,False
C:\Users\Lenovo legion 5\Downloads\data\DoS-DDoS-MQTT-IoT_Dataset\NormalData\CSV_Extracted_Split\Pcap_Files__NormalData7_part019.csv,Pcap_Files__NormalData7_part019.csv,NORMAL,NONE,NORMAL,NORMAL,NormalData7,100000,35,24070095,normal,False
C:\Users\Lenovo legion 5\Downloads\data\DoS-DDoS-MQTT-IoT_Dataset\NormalData\CSV_Extracted_Split\Pcap_Files__NormalData7_part020.csv,Pcap_Files__NormalData7_part020.csv,NORMAL,NONE,NORMAL,NORMAL,NormalData7,59893,35,14444058,normal,False
C:\Users\Lenovo legion 5\Downloads\data\DoS-DDoS-MQTT-IoT_Dataset\NormalData\CSV_Extracted_Split\Pcap_Files__NormalData8_part001.csv,Pcap_Files__NormalData8_part001.csv,NORMAL,NONE,NORMAL,NORMAL,NormalData8,100000,35,23272832,normal,False
C:\Users\Lenovo legion 5\Downloads\data\DoS-DDoS-MQTT-IoT_Dataset\NormalData\CSV_Extracted_Split\Pcap_Files__NormalData8_part002.csv,Pcap_Files__NormalData8_part002.csv,NORMAL,NONE,NORMAL,NORMAL,NormalData8,100000,35,23555501,normal,False
C:\Users\Lenovo legion 5\Downloads\data\DoS-DDoS-MQTT-IoT_Dataset\NormalData\CSV_Extracted_Split\Pcap_Files__NormalData8_part003.csv,Pcap_Files__NormalData8_part003.csv,NORMAL,NONE,NORMAL,NORMAL,NormalData8,100000,35,23651257,normal,False
C:\Users\Lenovo legion 5\Downloads\data\DoS-DDoS-MQTT-IoT_Dataset\NormalData\CSV_Extracted_Split\Pcap_Files__NormalData8_part004.csv,Pcap_Files__NormalData8_part004.csv,NORMAL,NONE,NORMAL,NORMAL,NormalData8,100000,35,23717303,normal,False
C:\Users\Lenovo legion 5\Downloads\data\DoS-DDoS-MQTT-IoT_Dataset\NormalData\CSV_Extracted_Split\Pcap_Files__NormalData8_part005.csv,Pcap_Files__NormalData8_part005.csv,NORMAL,NONE,NORMAL,NORMAL,NormalData8,100000,35,23767419,normal,False
C:\Users\Lenovo legion 5\Downloads\data\DoS-DDoS-MQTT-IoT_Dataset\NormalData\CSV_Extracted_Split\Pcap_Files__NormalData8_part006.csv,Pcap_Files__NormalData8_part006.csv,NORMAL,NONE,NORMAL,NORMAL,NormalData8,100000,35,23670664,normal,False
C:\Users\Lenovo legion 5\Downloads\data\DoS-DDoS-MQTT-IoT_Dataset\NormalData\CSV_Extracted_Split\Pcap_Files__NormalData8_part007.csv,Pcap_Files__NormalData8_part007.csv,NORMAL,NONE,NORMAL,NORMAL,NormalData8,100000,35,23759362,normal,False
C:\Users\Lenovo legion 5\Downloads\data\DoS-DDoS-MQTT-IoT_Dataset\NormalData\CSV_Extracted_Split\Pcap_Files__NormalData8_part008.csv,Pcap_Files__NormalData8_part008.csv,NORMAL,NONE,NORMAL,NORMAL,NormalData8,100000,35,23783608,normal,False
C:\Users\Lenovo legion 5\Downloads\data\DoS-DDoS-MQTT-IoT_Dataset\NormalData\CSV_Extracted_Split\Pcap_Files__NormalData8_part009.csv,Pcap_Files__NormalData8_part009.csv,NORMAL,NONE,NORMAL,NORMAL,NormalData8,100000,35,23694475,normal,False
C:\Users\Lenovo legion 5\Downloads\data\DoS-DDoS-MQTT-IoT_Dataset\NormalData\CSV_Extracted_Split\Pcap_Files__NormalData8_part010.csv,Pcap_Files__NormalData8_part010.csv,NORMAL,NONE,NORMAL,NORMAL,NormalData8,100000,35,23809517,normal,False
C:\Users\Lenovo legion 5\Downloads\data\DoS-DDoS-MQTT-IoT_Dataset\NormalData\CSV_Extracted_Split\Pcap_Files__NormalData8_part011.csv,Pcap_Files__NormalData8_part011.csv,NORMAL,NONE,NORMAL,NORMAL,NormalData8,100000,35,23794509,normal,False
C:\Users\Lenovo legion 5\Downloads\data\DoS-DDoS-MQTT-IoT_Dataset\NormalData\CSV_Extracted_Split\Pcap_Files__NormalData8_part012.csv,Pcap_Files__NormalData8_part012.csv,NORMAL,NONE,NORMAL,NORMAL,NormalData8,100000,35,23871012,normal,False
C:\Users\Lenovo legion 5\Downloads\data\DoS-DDoS-MQTT-IoT_Dataset\NormalData\CSV_Extracted_Split\Pcap_Files__NormalData8_part013.csv,Pcap_Files__NormalData8_part013.csv,NORMAL,NONE,NORMAL,NORMAL,NormalData8,100000,35,24082719,normal,False
C:\Users\Lenovo legion 5\Downloads\data\DoS-DDoS-MQTT-IoT_Dataset\NormalData\CSV_Extracted_Split\Pcap_Files__NormalData8_part014.csv,Pcap_Files__NormalData8_part014.csv,NORMAL,NONE,NORMAL,NORMAL,NormalData8,100000,35,24016236,normal,False
C:\Users\Lenovo legion 5\Downloads\data\DoS-DDoS-MQTT-IoT_Dataset\NormalData\CSV_Extracted_Split\Pcap_Files__NormalData8_part015.csv,Pcap_Files__NormalData8_part015.csv,NORMAL,NONE,NORMAL,NORMAL,NormalData8,100000,35,24016998,normal,False
C:\Users\Lenovo legion 5\Downloads\data\DoS-DDoS-MQTT-IoT_Dataset\NormalData\CSV_Extracted_Split\Pcap_Files__NormalData8_part016.csv,Pcap_Files__NormalData8_part016.csv,NORMAL,NONE,NORMAL,NORMAL,NormalData8,100000,35,24097433,normal,False
C:\Users\Lenovo legion 5\Downloads\data\DoS-DDoS-MQTT-IoT_Dataset\NormalData\CSV_Extracted_Split\Pcap_Files__NormalData8_part017.csv,Pcap_Files__NormalData8_part017.csv,NORMAL,NONE,NORMAL,NORMAL,NormalData8,100000,35,24075547,normal,False
C:\Users\Lenovo legion 5\Downloads\data\DoS-DDoS-MQTT-IoT_Dataset\NormalData\CSV_Extracted_Split\Pcap_Files__NormalData8_part018.csv,Pcap_Files__NormalData8_part018.csv,NORMAL,NONE,NORMAL,NORMAL,NormalData8,100000,35,24140501,normal,False
C:\Users\Lenovo legion 5\Downloads\data\DoS-DDoS-MQTT-IoT_Dataset\NormalData\CSV_Extracted_Split\Pcap_Files__NormalData8_part019.csv,Pcap_Files__NormalData8_part019.csv,NORMAL,NONE,NORMAL,NORMAL,NormalData8,100000,35,24116583,normal,False
C:\Users\Lenovo legion 5\Downloads\data\DoS-DDoS-MQTT-IoT_Dataset\NormalData\CSV_Extracted_Split\Pcap_Files__NormalData8_part020.csv,Pcap_Files__NormalData8_part020.csv,NORMAL,NONE,NORMAL,NORMAL,NormalData8,61595,35,14860592,normal,False
C:\Users\Lenovo legion 5\Downloads\data\DoS-DDoS-MQTT-IoT_Dataset\NormalData\CSV_Extracted_Split\Pcap_Files__NormalData9_part001.csv,Pcap_Files__NormalData9_part001.csv,NORMAL,NONE,NORMAL,NORMAL,NormalData9,100000,35,23275222,normal,False
C:\Users\Lenovo legion 5\Downloads\data\DoS-DDoS-MQTT-IoT_Dataset\NormalData\CSV_Extracted_Split\Pcap_Files__NormalData9_part002.csv,Pcap_Files__NormalData9_part002.csv,NORMAL,NONE,NORMAL,NORMAL,NormalData9,100000,35,23636824,normal,False
C:\Users\Lenovo legion 5\Downloads\data\DoS-DDoS-MQTT-IoT_Dataset\NormalData\CSV_Extracted_Split\Pcap_Files__NormalData9_part003.csv,Pcap_Files__NormalData9_part003.csv,NORMAL,NONE,NORMAL,NORMAL,NormalData9,100000,35,23664101,normal,False
C:\Users\Lenovo legion 5\Downloads\data\DoS-DDoS-MQTT-IoT_Dataset\NormalData\CSV_Extracted_Split\Pcap_Files__NormalData9_part004.csv,Pcap_Files__NormalData9_part004.csv,NORMAL,NONE,NORMAL,NORMAL,NormalData9,100000,35,23656221,normal,False
C:\Users\Lenovo legion 5\Downloads\data\DoS-DDoS-MQTT-IoT_Dataset\NormalData\CSV_Extracted_Split\Pcap_Files__NormalData9_part005.csv,Pcap_Files__NormalData9_part005.csv,NORMAL,NONE,NORMAL,NORMAL,NormalData9,100000,35,23684915,normal,False
C:\Users\Lenovo legion 5\Downloads\data\DoS-DDoS-MQTT-IoT_Dataset\NormalData\CSV_Extracted_Split\Pcap_Files__NormalData9_part006.csv,Pcap_Files__NormalData9_part006.csv,NORMAL,NONE,NORMAL,NORMAL,NormalData9,100000,35,23732678,normal,False
C:\Users\Lenovo legion 5\Downloads\data\DoS-DDoS-MQTT-IoT_Dataset\NormalData\CSV_Extracted_Split\Pcap_Files__NormalData9_part007.csv,Pcap_Files__NormalData9_part007.csv,NORMAL,NONE,NORMAL,NORMAL,NormalData9,100000,35,23727341,normal,False
C:\Users\Lenovo legion 5\Downloads\data\DoS-DDoS-MQTT-IoT_Dataset\NormalData\CSV_Extracted_Split\Pcap_Files__NormalData9_part008.csv,Pcap_Files__NormalData9_part008.csv,NORMAL,NONE,NORMAL,NORMAL,NormalData9,100000,35,23711628,normal,False
C:\Users\Lenovo legion 5\Downloads\data\DoS-DDoS-MQTT-IoT_Dataset\NormalData\CSV_Extracted_Split\Pcap_Files__NormalData9_part009.csv,Pcap_Files__NormalData9_part009.csv,NORMAL,NONE,NORMAL,NORMAL,NormalData9,100000,35,23666155,normal,False
C:\Users\Lenovo legion 5\Downloads\data\DoS-DDoS-MQTT-IoT_Dataset\NormalData\CSV_Extracted_Split\Pcap_Files__NormalData9_part010.csv,Pcap_Files__NormalData9_part010.csv,NORMAL,NONE,NORMAL,NORMAL,NormalData9,100000,35,23745472,normal,False
C:\Users\Lenovo legion 5\Downloads\data\DoS-DDoS-MQTT-IoT_Dataset\NormalData\CSV_Extracted_Split\Pcap_Files__NormalData9_part011.csv,Pcap_Files__NormalData9_part011.csv,NORMAL,NONE,NORMAL,NORMAL,NormalData9,100000,35,23830619,normal,False
C:\Users\Lenovo legion 5\Downloads\data\DoS-DDoS-MQTT-IoT_Dataset\NormalData\CSV_Extracted_Split\Pcap_Files__NormalData9_part012.csv,Pcap_Files__NormalData9_part012.csv,NORMAL,NONE,NORMAL,NORMAL,NormalData9,100000,35,23909839,normal,False
C:\Users\Lenovo legion 5\Downloads\data\DoS-DDoS-MQTT-IoT_Dataset\NormalData\CSV_Extracted_Split\Pcap_Files__NormalData9_part013.csv,Pcap_Files__NormalData9_part013.csv,NORMAL,NONE,NORMAL,NORMAL,NormalData9,100000,35,24062476,normal,False
C:\Users\Lenovo legion 5\Downloads\data\DoS-DDoS-MQTT-IoT_Dataset\NormalData\CSV_Extracted_Split\Pcap_Files__NormalData9_part014.csv,Pcap_Files__NormalData9_part014.csv,NORMAL,NONE,NORMAL,NORMAL,NormalData9,100000,35,24027404,normal,False
C:\Users\Lenovo legion 5\Downloads\data\DoS-DDoS-MQTT-IoT_Dataset\NormalData\CSV_Extracted_Split\Pcap_Files__NormalData9_part015.csv,Pcap_Files__NormalData9_part015.csv,NORMAL,NONE,NORMAL,NORMAL,NormalData9,100000,35,24017316,normal,False
C:\Users\Lenovo legion 5\Downloads\data\DoS-DDoS-MQTT-IoT_Dataset\NormalData\CSV_Extracted_Split\Pcap_Files__NormalData9_part016.csv,Pcap_Files__NormalData9_part016.csv,NORMAL,NONE,NORMAL,NORMAL,NormalData9,100000,35,24089595,normal,False
C:\Users\Lenovo legion 5\Downloads\data\DoS-DDoS-MQTT-IoT_Dataset\NormalData\CSV_Extracted_Split\Pcap_Files__NormalData9_part017.csv,Pcap_Files__NormalData9_part017.csv,NORMAL,NONE,NORMAL,NORMAL,NormalData9,100000,35,24100950,normal,False
C:\Users\Lenovo legion 5\Downloads\data\DoS-DDoS-MQTT-IoT_Dataset\NormalData\CSV_Extracted_Split\Pcap_Files__NormalData9_part018.csv,Pcap_Files__NormalData9_part018.csv,NORMAL,NONE,NORMAL,NORMAL,NormalData9,100000,35,24116137,normal,False
C:\Users\Lenovo legion 5\Downloads\data\DoS-DDoS-MQTT-IoT_Dataset\NormalData\CSV_Extracted_Split\Pcap_Files__NormalData9_part019.csv,Pcap_Files__NormalData9_part019.csv,NORMAL,NONE,NORMAL,NORMAL,NormalData9,100000,35,24076016,normal,False
C:\Users\Lenovo legion 5\Downloads\data\DoS-DDoS-MQTT-IoT_Dataset\NormalData\CSV_Extracted_Split\Pcap_Files__NormalData9_part020.csv,Pcap_Files__NormalData9_part020.csv,NORMAL,NONE,NORMAL,NORMAL,NormalData9,62501,35,15059865,normal,False
